"","full_date","Country","City.x","venue","Year","Month","Day","ab","latitude","longitude","LAT","LNG","newdate"
"1",2019-06-10,"United States","Brooklyn","Brooklyn Steel","2019","June","10","US",37.09024,-95.712891,40.6501,-73.9496,"10 June, 2019"
"2",2019-06-09,"United States","Brooklyn","Brooklyn Steel","2019","June","9","US",37.09024,-95.712891,40.6501,-73.9496,"09 June, 2019"
"3",2019-05-26,"United Kingdom","London","Victoria Park","2019","May","26","GB",55.378051,-3.435973,51.5,-0.1167,"26 May, 2019"
"4",2019-05-24,"Spain","Madrid","Auditorio Enrique Tierno Galván","2019","May","24","ES",40.463667,-3.74922,40.4,-3.6834,"24 May, 2019"
"5",2019-05-09,"United States","Seattle","The Moore Theatre","2019","May","9","US",37.09024,-95.712891,47.6211,-122.3244,"09 May, 2019"
"6",2019-05-08,"United States","Seattle","The Moore Theatre","2019","May","8","US",37.09024,-95.712891,47.6211,-122.3244,"08 May, 2019"
"7",2019-05-04,"United States","Long Beach","Harry Bridges Memorial Park","2019","May","4","US",37.09024,-95.712891,33.798,-118.1675,"04 May, 2019"
"8",2019-05-03,"United States","Long Beach","Harry Bridges Memorial Park","2019","May","3","US",37.09024,-95.712891,33.798,-118.1675,"03 May, 2019"
"9",2019-04-30,"United States","San Luis Obispo","Alex Madonna Expo Center","2019","April","30","US",37.09024,-95.712891,35.267,-120.6689,"30 April, 2019"
"10",2019-03-11,"New Zealand","Auckland","Auckland Town Hall","2019","March","11","NZ",-40.900557,174.885971,-36.8481,174.763,"11 March, 2019"
"11",2019-03-09,"Australia","Meredith","Meredith Supernatural Amphitheatre","2019","March","9","AU",-25.274398,133.775136,55.6734,12.5964,"09 March, 2019"
"12",2019-03-08,"Australia","Melbourne","Forum Theatre","2019","March","8","AU",-25.274398,133.775136,-37.82,144.975,"08 March, 2019"
"13",2019-03-06,"Australia","Adelaide","Maths Lawns at RCC","2019","March","6","AU",-25.274398,133.775136,-34.935,138.6,"06 March, 2019"
"14",2019-03-04,"Australia","Sydney","Enmore Theatre","2019","March","4","AU",-25.274398,133.775136,-33.92,151.1852,"04 March, 2019"
"15",2019-03-02,"Australia","Wollongong","MacCabe Park","2019","March","2","AU",-25.274398,133.775136,-34.4154,150.89,"02 March, 2019"
"16",2019-02-28,"Australia","Perth","Chevron Festival Gardens","2019","February","28","AU",-25.274398,133.775136,-31.955,115.84,"28 February, 2019"
"17",2019-02-26,"Australia","Brisbane","The Tivoli","2019","February","26","AU",-25.274398,133.775136,-27.455,153.0351,"26 February, 2019"
"18",2019-02-15,"United States","Miami","Mana Wynwood Convention Center","2019","February","15","US",37.09024,-95.712891,25.7839,-80.2102,"15 February, 2019"
"19",2019-02-13,"United States","Birmingham","Iron City","2019","February","13","US",37.09024,-95.712891,33.5277,-86.7987,"13 February, 2019"
"20",2018-11-02,"Italy","Turin","Lingotto Fiere","2018","November","2","IT",41.87194,12.56738,45.0704,7.67,"02 November, 2018"
"21",2018-10-20,"Ireland","Dublin","Vicar Street","2018","October","20","IE",53.41291,-8.24389,53.3331,-6.2489,"20 October, 2018"
"22",2018-10-19,"United Kingdom","Manchester","Albert Hall","2018","October","19","GB",55.378051,-3.435973,53.5004,-2.248,"19 October, 2018"
"23",2018-10-18,"United Kingdom","London","Troxy","2018","October","18","GB",55.378051,-3.435973,51.5,-0.1167,"18 October, 2018"
"24",2018-10-17,"United Kingdom","London","Troxy","2018","October","17","GB",55.378051,-3.435973,51.5,-0.1167,"17 October, 2018"
"25",2018-10-15,"France","Paris","L'Olympia Bruno Coquatrix","2018","October","15","FR",46.227638,2.213749,48.8667,2.3333,"15 October, 2018"
"26",2018-10-13,"Belgium","Brussels","Ancienne Belgique","2018","October","13","BE",50.503887,4.469936,50.8333,4.3333,"13 October, 2018"
"27",2018-10-12,"Netherlands","Utrecht","TivoliVredenburg Ronda","2018","October","12","NL",52.132633,5.291266,52.1003,5.12,"12 October, 2018"
"28",2018-10-11,"Germany","Hamburg","Kampnagel","2018","October","11","DE",51.165691,10.451526,53.55,10,"11 October, 2018"
"29",2018-10-09,"Denmark","Freetown Christiania","Den Grå Hal","2018","October","9","DK",56.26392,9.501785,-37.86737115,144.033786,"09 October, 2018"
"30",2018-10-08,"Sweden","Stockholm","Münchenbryggeriet","2018","October","8","SE",60.128161,18.643501,59.3508,18.0973,"08 October, 2018"
"31",2018-10-07,"Norway","Oslo","Rockefeller Music Hall","2018","October","7","NO",60.472024,8.468946,59.9167,10.75,"07 October, 2018"
"32",2018-10-05,"Sweden","Gothenburg","Trädgår'n","2018","October","5","SE",60.128161,18.643501,57.7089,11.9746,"05 October, 2018"
"33",2018-10-04,"Sweden","Lund","Mejeriet","2018","October","4","SE",60.128161,18.643501,55.7047,13.191,"04 October, 2018"
"34",2018-10-02,"Germany","Berlin","Huxley's Neue Welt","2018","October","2","DE",51.165691,10.451526,52.5218,13.4015,"02 October, 2018"
"35",2018-10-01,"Germany","Cologne","Gloria Theater","2018","October","1","DE",51.165691,10.451526,50.93,6.95,"01 October, 2018"
"36",2018-09-30,"France","Feyzin","L’Épicerie Moderne","2018","Septmber","30","FR",46.227638,2.213749,45.6738,4.85831,"30 September, 2018"
"37",2018-09-28,"Spain","Barcelona","Razzmatazz","2018","Septmber","28","ES",40.463667,-3.74922,41.3833,2.1834,"28 September, 2018"
"38",2018-09-27,"Spain","Madrid","La Riviera","2018","Septmber","27","ES",40.463667,-3.74922,40.4,-3.6834,"27 September, 2018"
"39",2018-09-26,"Portugal","Oporto","Teatro Sá da Bandeira","2018","Septmber","26","PT",39.399872,-8.224454,41.1579,-8.61032,"26 September, 2018"
"40",2018-09-25,"Portugal","Lisbon","Coliseu dos Recreios","2018","Septmber","25","PT",39.399872,-8.224454,38.7227,-9.1449,"25 September, 2018"
"41",2018-08-25,"United States","Washington","The Anthem","2018","August","25","US",37.09024,-95.712891,38.9047,-77.0163,"25 August, 2018"
"42",2018-08-24,"United States","Boston","House of Blues","2018","August","24","US",37.09024,-95.712891,42.3188,-71.0846,"24 August, 2018"
"43",2018-08-23,"United States","Brooklyn","Kings Theatre","2018","August","23","US",37.09024,-95.712891,40.6501,-73.9496,"23 August, 2018"
"44",2018-08-22,"United States","New York","United Palace Theatre","2018","August","22","US",37.09024,-95.712891,40.6943,-73.9249,"22 August, 2018"
"45",2018-08-20,"Canada","Toronto","Sony Centre for the Performing Arts","2018","August","20","CA",56.130366,-106.346771,43.7,-79.42,"20 August, 2018"
"46",2018-08-19,"United States","Royal Oak","Royal Oak Music Theatre","2018","August","19","US",37.09024,-95.712891,42.5084,-83.1539,"19 August, 2018"
"47",2018-08-18,"United States","Chicago","The Chicago Theatre","2018","August","18","US",37.09024,-95.712891,41.8373,-87.6862,"18 August, 2018"
"48",2018-08-17,"United States","St. Paul","Palace Theatre","2018","August","17","US",37.09024,-95.712891,44.9477,-93.104,"17 August, 2018"
"49",2018-08-15,"United States","Denver","Ogden Theatre","2018","August","15","US",37.09024,-95.712891,39.7621,-104.8759,"15 August, 2018"
"50",2018-08-14,"United States","Salt Lake City","The Depot","2018","August","14","US",37.09024,-95.712891,40.7774,-111.93,"14 August, 2018"
"51",2018-08-12,"Canada","Vancouver","Orpheum Theatre","2018","August","12","CA",56.130366,-106.346771,49.2734,-123.1216,"12 August, 2018"
"52",2018-08-11,"United States","Seattle","Alki Beach","2018","August","11","US",37.09024,-95.712891,47.6211,-122.3244,"11 August, 2018"
"53",2018-08-10,"United States","Portland","Keller Auditorium","2018","August","10","US",37.09024,-95.712891,45.5371,-122.65,"10 August, 2018"
"54",2018-08-08,"United States","Oakland","Fox Theater","2018","August","8","US",37.09024,-95.712891,37.7903,-122.2165,"08 August, 2018"
"55",2018-08-07,"United States","Oakland","Fox Theater","2018","August","7","US",37.09024,-95.712891,37.7903,-122.2165,"07 August, 2018"
"56",2018-08-05,"United States","San Diego","The Observatory North Park","2018","August","5","US",37.09024,-95.712891,32.8312,-117.1225,"05 August, 2018"
"57",2018-08-04,"United States","Los Angeles","Hollywood Forever Cemetery","2018","August","4","US",37.09024,-95.712891,34.1139,-118.4068,"04 August, 2018"
"58",2018-08-03,"United States","Los Angeles","Hollywood Forever Cemetery","2018","August","3","US",37.09024,-95.712891,34.1139,-118.4068,"03 August, 2018"
"59",2018-08-02,"United States","Tucson","Rialto Theatre","2018","August","2","US",37.09024,-95.712891,32.1545,-110.8782,"02 August, 2018"
"60",2018-07-31,"United States","Austin","ACL Live at The Moody Theater","2018","July","31","US",37.09024,-95.712891,30.3006,-97.7517,"31 July, 2018"
"61",2018-07-30,"United States","Dallas","Bomb Factory","2018","July","30","US",37.09024,-95.712891,32.7936,-96.7662,"30 July, 2018"
"62",2018-07-28,"United States","Atlanta","Buckhead Theatre","2018","July","28","US",37.09024,-95.712891,33.7627,-84.4225,"28 July, 2018"
"63",2018-07-27,"United States","Raleigh","The Ritz","2018","July","27","US",37.09024,-95.712891,35.8324,-78.6438,"27 July, 2018"
"64",2018-07-26,"United States","Upper Darby","Tower Theatre","2018","July","26","US",37.09024,-95.712891,39.9284459,-75.2737955,"26 July, 2018"
"65",2018-07-24,"United States","New Haven","College Street Music Hall","2018","July","24","US",37.09024,-95.712891,41.3112,-72.9246,"24 July, 2018"
"66",2018-06-02,"Spain","Barcelona","Parc del Fòrum","2018","June","2","ES",40.463667,-3.74922,41.3833,2.1834,"02 June, 2018"
"67",2018-05-16,"United States","Los Angeles","Jimmy Kimmel Live","2018","May","16","US",37.09024,-95.712891,34.1139,-118.4068,"16 May, 2018"
"68",2018-05-15,"United States","Santa Monica","KCRW Studios","2018","May","15","US",37.09024,-95.712891,34.0232,-118.4813,"15 May, 2018"
"69",2018-05-13,"United States","Arcosanti","Arcosanti","2018","May","13","US",37.09024,-95.712891,34.3427822,-112.1006307,"13 May, 2018"
"70",2018-05-11,"Mexico","Mexico City","Auditorio BlackBerry","2018","May","11","MX",23.634501,-102.552784,19.4424,-99.131,"11 May, 2018"
"71",2018-05-08,"United States","El Paso","Tricky Falls","2018","May","8","US",37.09024,-95.712891,31.8479,-106.4309,"08 May, 2018"
"72",2018-05-07,"United States","Albuquerque","Sunshine Theater","2018","May","7","US",37.09024,-95.712891,35.1053,-106.6464,"07 May, 2018"
"73",2018-05-05,"United States","Tulsa","Cain's Ballroom","2018","May","5","US",37.09024,-95.712891,36.1284,-95.9043,"05 May, 2018"
"74",2018-05-04,"United States","Oxford","The Lyric Theatre","2018","May","4","US",37.09024,-95.712891,34.3609,-89.5286,"04 May, 2018"
"75",2018-05-02,"United States","Little Rock","Metroplex Event Center","2018","May","2","US",37.09024,-95.712891,34.7255,-92.358,"02 May, 2018"
"76",2018-05-01,"United States","New Orleans","Civic Theatre","2018","May","1","US",37.09024,-95.712891,30.0687,-89.9288,"01 May, 2018"
"77",2018-04-30,"United States","Chattanooga","The Signal","2018","April","30","US",37.09024,-95.712891,35.0657,-85.2487,"30 April, 2018"
"78",2017-09-27,"United States","Morrison","Red Rocks Amphitheatre","2017","Septmber","27","US",37.09024,-95.712891,39.6512702,-105.1972764,"27 September, 2017"
"79",2017-09-25,"United States","Santa Fe","The Santa Fe Opera","2017","Septmber","25","US",37.09024,-95.712891,35.6619,-105.9819,"25 September, 2017"
"80",2017-09-24,"United States","Phoenix","Comerica Theatre","2017","Septmber","24","US",37.09024,-95.712891,33.5722,-112.0891,"24 September, 2017"
"81",2017-09-23,"United States","Los Angeles","Hollywood Bowl","2017","Septmber","23","US",37.09024,-95.712891,34.1139,-118.4068,"23 September, 2017"
"82",2017-09-22,"United States","Santa Ana","The Observatory","2017","Septmber","22","US",37.09024,-95.712891,33.7366,-117.8819,"22 September, 2017"
"83",2017-08-18,"Portugal","Paredes de Coura","Praia Fluvial do Taboão","2017","August","18","PT",39.399872,-8.224454,41.9184521,-8.569518264,"18 August, 2017"
"84",2017-08-16,"Italy","Sestri Levante","Ex Convento dell'Annunziata","2017","August","16","IT",41.87194,12.56738,44.26773845,9.392256732,"16 August, 2017"
"85",2017-08-13,"Italy","Castelbuono","Piazza Castello","2017","August","13","IT",41.87194,12.56738,37.931953,14.088562,"13 August, 2017"
"86",2017-08-11,"Denmark","Copenhagen","Refshalevej","2017","August","11","DK",56.26392,9.501785,55.6786,12.5635,"11 August, 2017"
"87",2017-08-10,"Germany","Hamburg","Kampnagel","2017","August","10","DE",51.165691,10.451526,53.55,10,"10 August, 2017"
"88",2017-06-02,"United States","Randalls Island","Randall's Island Park","2017","June","2","US",37.09024,-95.712891,40.7967677,-73.9220815,"02 June, 2017"
"89",2017-05-31,"United States","Knoxville","The Mill & Mine","2017","May","31","US",37.09024,-95.712891,35.9692,-83.9496,"31 May, 2017"
"90",2017-05-30,"United States","Athens","Georgia Theatre","2017","May","30","US",37.09024,-95.712891,33.9508,-83.3689,"30 May, 2017"
"91",2017-05-28,"United States","Ponte Vedra Beach","Ponte Vedra Concert Hall","2017","May","28","US",37.09024,-95.712891,30.16736605,-81.36928133,"28 May, 2017"
"92",2017-05-27,"United States","Fort Lauderdale","Revolution Live","2017","May","27","US",37.09024,-95.712891,26.1412,-80.1464,"27 May, 2017"
"93",2017-05-26,"United States","Orlando","The Beacham","2017","May","26","US",37.09024,-95.712891,28.4772,-81.3369,"26 May, 2017"
"94",2017-05-24,"United States","Charlotte","Neighborhood Theatre","2017","May","24","US",37.09024,-95.712891,35.2079,-80.8304,"24 May, 2017"
"95",2017-03-30,"United States","Lancaster","The Chameleon Club","2017","March","30","US",37.09024,-95.712891,40.042,-76.3012,"30 March, 2017"
"96",2017-03-29,"United States","Wilmington","World Cafe Live at the Queen","2017","March","29","US",37.09024,-95.712891,34.2101,-77.886,"29 March, 2017"
"97",2016-11-05,"United States","McDade","Sherwood Forest Faire","2016","November","5","US",37.09024,-95.712891,30.2317127,-97.166326,"05 November, 2016"
"98",2016-11-03,"United States","Brooklyn","Kings Theatre","2016","November","3","US",37.09024,-95.712891,40.6501,-73.9496,"03 November, 2016"
"99",2016-11-02,"United States","Charlottesville","The Jefferson Theater","2016","November","2","US",37.09024,-95.712891,38.0375,-78.4855,"02 November, 2016"
"100",2016-09-09,"United States","Raleigh","City Plaza","2016","Septmber","9","US",37.09024,-95.712891,35.8324,-78.6438,"09 September, 2016"
"101",2016-08-28,"United States","Los Angeles","LA Sports Arena & Exposition Park","2016","August","28","US",37.09024,-95.712891,34.1139,-118.4068,"28 August, 2016"
"102",2016-08-26,"United States","Los Angeles","The Theatre at Ace Hotel","2016","August","26","US",37.09024,-95.712891,34.1139,-118.4068,"26 August, 2016"
"103",2016-08-24,"United States","Las Vegas","House of Blues","2016","August","24","US",37.09024,-95.712891,36.2333,-115.2654,"24 August, 2016"
"104",2016-08-22,"United States","Denver","Ogden Theatre","2016","August","22","US",37.09024,-95.712891,39.7621,-104.8759,"22 August, 2016"
"105",2016-08-20,"United States","Kansas City","Uptown Theater","2016","August","20","US",37.09024,-95.712891,39.1239,-94.5541,"20 August, 2016"
"106",2016-08-19,"United States","Columbia","The Blue Note","2016","August","19","US",37.09024,-95.712891,34.0376,-80.9037,"19 August, 2016"
"107",2016-08-17,"United States","Louisville","Headliners","2016","August","17","US",37.09024,-95.712891,38.1663,-85.6485,"17 August, 2016"
"108",2016-08-16,"United States","Indianapolis","Deluxe at Old National Centre","2016","August","16","US",37.09024,-95.712891,39.7771,-86.1458,"16 August, 2016"
"109",2016-08-14,"United States","Iowa City","Englert Theatre","2016","August","14","US",37.09024,-95.712891,41.6559,-91.5304,"14 August, 2016"
"110",2016-08-13,"United States","Eau Claire","Foster Farms","2016","August","13","US",37.09024,-95.712891,44.82,-91.4951,"13 August, 2016"
"111",2016-08-12,"United States","Sioux Falls","The District","2016","August","12","US",37.09024,-95.712891,43.5397,-96.7321,"12 August, 2016"
"112",2016-08-10,"United States","Missoula","Wilma Theatre","2016","August","10","US",37.09024,-95.712891,46.8685,-114.0095,"10 August, 2016"
"113",2016-08-09,"United States","Spokane","Knitting Factory","2016","August","9","US",37.09024,-95.712891,47.6671,-117.433,"09 August, 2016"
"114",2016-08-08,"United States","Boise","Knitting Factory","2016","August","8","US",37.09024,-95.712891,43.6007,-116.2312,"08 August, 2016"
"115",2016-08-07,"United States","Portland","Pendarvis Farm","2016","August","7","US",37.09024,-95.712891,45.5371,-122.65,"07 August, 2016"
"116",2016-08-05,"United States","San Francisco","Golden Gate Park","2016","August","5","US",37.09024,-95.712891,37.7562,-122.443,"05 August, 2016"
"117",2016-07-15,"United States","Chicago","Union Park","2016","July","15","US",37.09024,-95.712891,41.8373,-87.6862,"15 July, 2016"
"118",2016-07-12,"United States","Washington","9:30 Club","2016","July","12","US",37.09024,-95.712891,38.9047,-77.0163,"12 July, 2016"
"119",2016-07-11,"United States","Washington","9:30 Club","2016","July","11","US",37.09024,-95.712891,38.9047,-77.0163,"11 July, 2016"
"120",2016-06-18,"Denmark","Aarhus","Ådalen","2016","June","18","DK",56.26392,9.501785,56.1572,10.2107,"18 June, 2016"
"121",2016-06-17,"Netherlands","Hilvarenbeek","Beekse Bergen","2016","June","17","NL",52.132633,5.291266,51.4862924,5.1379984,"17 June, 2016"
"122",2016-06-14,"France","Paris","Casino de Paris","2016","June","14","FR",46.227638,2.213749,48.8667,2.3333,"14 June, 2016"
"123",2016-06-13,"United Kingdom","Hove","All Saints Hove","2016","June","13","GB",55.378051,-3.435973,50.8333,-0.1833,"13 June, 2016"
"124",2016-06-12,"United Kingdom","London","Victoria Park","2016","June","12","GB",55.378051,-3.435973,51.5,-0.1167,"12 June, 2016"
"125",2016-06-10,"Portugal","Oporto","Parque da Cidade","2016","June","10","PT",39.399872,-8.224454,41.15015,-8.61032,"10 June, 2016"
"126",2016-06-07,"France","Ramonville-Saint-Agne","Le Bikini","2016","June","7","FR",46.227638,2.213749,43.5460533,1.4749101,"07 June, 2016"
"127",2016-06-06,"France","Nantes","Stereolux","2016","June","6","FR",46.227638,2.213749,47.2104,-1.59,"06 June, 2016"
"128",2016-06-05,"France","Nîmes","Paloma","2016","June","5","FR",46.227638,2.213749,43.8374249,4.3600687,"05 June, 2016"
"129",2016-06-03,"Spain","Barcelona","Parc del Fòrum","2016","June","3","ES",40.463667,-3.74922,41.3833,2.1834,"03 June, 2016"
"130",2016-06-01,"France","Bordeaux","Rock School Barbey","2016","June","1","FR",46.227638,2.213749,44.85,-0.595,"01 June, 2016"
"131",2016-05-04,"United States","Seattle","Paramount Theatre","2016","May","4","US",37.09024,-95.712891,47.6211,-122.3244,"04 May, 2016"
"132",2016-05-03,"United States","Seattle","Fremont Abbey Arts Center","2016","May","3","US",37.09024,-95.712891,47.6211,-122.3244,"03 May, 2016"
"133",2016-05-01,"Canada","Vancouver","Vogue Theatre","2016","May","1","CA",56.130366,-106.346771,49.2734,-123.1216,"01 May, 2016"
"134",2016-04-30,"Canada","Vancouver","Vogue Theatre","2016","April","30","CA",56.130366,-106.346771,49.2734,-123.1216,"30 April, 2016"
"135",2016-04-29,"United States","Portland","DISJECTA","2016","April","29","US",37.09024,-95.712891,45.5371,-122.65,"29 April, 2016"
"136",2016-04-28,"United States","Portland","Crystal Ballroom","2016","April","28","US",37.09024,-95.712891,45.5371,-122.65,"28 April, 2016"
"137",2016-04-24,"United States","Indio","Empire Polo Club","2016","April","24","US",37.09024,-95.712891,33.7346,-116.2346,"24 April, 2016"
"138",2016-04-21,"United States","Los Angeles","LOT 613","2016","April","21","US",37.09024,-95.712891,34.1139,-118.4068,"21 April, 2016"
"139",2016-04-20,"United States","San Pedro","Warner Grand Theatre","2016","April","20","US",37.09024,-95.712891,33.7358518,-118.2922934,"20 April, 2016"
"140",2016-04-19,"United States","Pioneertown","Pappy & Harriet's Palace","2016","April","19","US",37.09024,-95.712891,34.15639995,-116.4930466,"19 April, 2016"
"141",2016-04-17,"United States","Indio","Empire Polo Club","2016","April","17","US",37.09024,-95.712891,33.7346,-116.2346,"17 April, 2016"
"142",2016-04-15,"United States","San Diego","The Observatory North Park","2016","April","15","US",37.09024,-95.712891,32.8312,-117.1225,"15 April, 2016"
"143",2016-04-14,"United States","Tempe","Marquee Theatre","2016","April","14","US",37.09024,-95.712891,33.3881,-111.9318,"14 April, 2016"
"144",2016-04-13,"United States","El Paso","Tricky Falls","2016","April","13","US",37.09024,-95.712891,31.8479,-106.4309,"13 April, 2016"
"145",2016-04-11,"United States","Austin","ACL Live at The Moody Theater","2016","April","11","US",37.09024,-95.712891,30.3006,-97.7517,"11 April, 2016"
"146",2016-04-10,"United States","Austin","Brazos Hall","2016","April","10","US",37.09024,-95.712891,30.3006,-97.7517,"10 April, 2016"
"147",2016-04-09,"United States","Dallas","Bomb Factory","2016","April","9","US",37.09024,-95.712891,32.7936,-96.7662,"09 April, 2016"
"148",2016-03-24,"United States","Baltimore","Floristree","2016","March","24","US",37.09024,-95.712891,39.3051,-76.6144,"24 March, 2016"
"149",2016-03-23,"United States","Queens","Knockdown Center","2016","March","23","US",37.09024,-95.712891,40.7498,-73.7976,"23 March, 2016"
"150",2016-03-22,"United States","Queens","Knockdown Center","2016","March","22","US",37.09024,-95.712891,40.7498,-73.7976,"22 March, 2016"
"151",2016-03-20,"United States","Philadelphia","Crane Arts Building","2016","March","20","US",37.09024,-95.712891,40.0077,-75.1339,"20 March, 2016"
"152",2016-03-19,"United States","Philadelphia","Union Transfer","2016","March","19","US",37.09024,-95.712891,40.0077,-75.1339,"19 March, 2016"
"153",2016-03-18,"United States","Philadelphia","Union Transfer","2016","March","18","US",37.09024,-95.712891,40.0077,-75.1339,"18 March, 2016"
"154",2016-03-16,"United States","New York","Webster Hall","2016","March","16","US",37.09024,-95.712891,40.6943,-73.9249,"16 March, 2016"
"155",2016-03-15,"United States","New York","Webster Hall","2016","March","15","US",37.09024,-95.712891,40.6943,-73.9249,"15 March, 2016"
"156",2016-03-14,"United States","New York","Webster Hall","2016","March","14","US",37.09024,-95.712891,40.6943,-73.9249,"14 March, 2016"
"157",2016-03-12,"United States","Somerville","Arts at the Armory","2016","March","12","US",37.09024,-95.712891,42.3908,-71.1013,"12 March, 2016"
"158",2016-03-11,"United States","Boston","House of Blues","2016","March","11","US",37.09024,-95.712891,42.3188,-71.0846,"11 March, 2016"
"159",2016-03-09,"Canada","Montreal","Théâtre Rialto","2016","March","9","CA",56.130366,-106.346771,45.4972159,-73.561668,"09 March, 2016"
"160",2016-03-06,"Canada","Toronto","Danforth Music Hall","2016","March","6","CA",56.130366,-106.346771,43.7,-79.42,"06 March, 2016"
"161",2016-03-05,"Canada","Toronto","Danforth Music Hall","2016","March","5","CA",56.130366,-106.346771,43.7,-79.42,"05 March, 2016"
"162",2016-03-04,"Canada","Toronto","Only One Gallery","2016","March","4","CA",56.130366,-106.346771,43.7,-79.42,"04 March, 2016"
"163",2016-03-03,"United States","Chicago","Vic Theatre","2016","March","3","US",37.09024,-95.712891,41.8373,-87.6862,"03 March, 2016"
"164",2016-03-02,"United States","Chicago","OpenSecret Studios","2016","March","2","US",37.09024,-95.712891,41.8373,-87.6862,"02 March, 2016"
"165",2016-03-01,"United States","Chicago","Vic Theatre","2016","March","1","US",37.09024,-95.712891,41.8373,-87.6862,"01 March, 2016"
"166",2016-02-29,"United States","Cleveland","House of Blues","2016","February","29","US",37.09024,-95.712891,41.4767,-81.6805,"29 February, 2016"
"167",2016-02-14,"Australia","Fremantle","Esplanade Reserve","2016","February","14","AU",-25.274398,133.775136,-33.2733333,149.3344444,"14 February, 2016"
"168",2016-02-13,"Australia","Melbourne","Footscray Community Arts Centre","2016","February","13","AU",-25.274398,133.775136,-37.82,144.975,"13 February, 2016"
"169",2016-02-11,"Australia","Melbourne","170 Russell","2016","February","11","AU",-25.274398,133.775136,-37.82,144.975,"11 February, 2016"
"170",2016-02-10,"Australia","Melbourne","170 Russell","2016","February","10","AU",-25.274398,133.775136,-37.82,144.975,"10 February, 2016"
"171",2016-02-07,"Australia","Sydney","Sydney College of the Arts","2016","February","7","AU",-25.274398,133.775136,-33.92,151.1852,"07 February, 2016"
"172",2016-02-06,"Australia","Brisbane","Brisbane Showgrounds","2016","February","6","AU",-25.274398,133.775136,-27.455,153.0351,"06 February, 2016"
"173",2016-02-05,"Australia","Adelaide","Harts Mill","2016","February","5","AU",-25.274398,133.775136,-34.935,138.6,"05 February, 2016"
"174",2016-02-03,"Australia","Sydney","Concert Hall, Sydney Opera House","2016","February","3","AU",-25.274398,133.775136,-33.92,151.1852,"03 February, 2016"
"175",2016-02-01,"New Zealand","Auckland","Silo Park","2016","February","1","NZ",-40.900557,174.885971,-36.8481,174.763,"01 February, 2016"
"176",2016-01-30,"Singapore","Singapore","The Meadow","2016","January","30","SG",1.352083,103.819836,1.293,103.8558,"30 January, 2016"
"177",2016-01-26,"Japan","Osaka","Umeda Club Quattro","2016","January","26","JP",36.204824,138.252924,34.6937569,135.5014539,"26 January, 2016"
"178",2016-01-25,"Japan","Tokyo","TSUTAYA O-East","2016","January","25","JP",36.204824,138.252924,35.685,139.7514,"25 January, 2016"
"179",2015-12-19,"United States","San Francisco","The Fillmore","2015","December","19","US",37.09024,-95.712891,37.7562,-122.443,"19 December, 2015"
"180",2015-12-18,"United States","San Francisco","The Fillmore","2015","December","18","US",37.09024,-95.712891,37.7562,-122.443,"18 December, 2015"
"181",2015-12-17,"United States","San Francisco","The Fillmore","2015","December","17","US",37.09024,-95.712891,37.7562,-122.443,"17 December, 2015"
"182",2015-12-12,"United States","Los Angeles","The Fonda Theatre","2015","December","12","US",37.09024,-95.712891,34.1139,-118.4068,"12 December, 2015"
"183",2015-12-11,"United States","Los Angeles","The Fonda Theatre","2015","December","11","US",37.09024,-95.712891,34.1139,-118.4068,"11 December, 2015"
"184",2015-12-10,"United States","Los Angeles","The Fonda Theatre","2015","December","10","US",37.09024,-95.712891,34.1139,-118.4068,"10 December, 2015"
"185",2015-12-09,"United States","Los Angeles","The Fonda Theatre","2015","December","9","US",37.09024,-95.712891,34.1139,-118.4068,"09 December, 2015"
"186",2015-12-07,"United States","Santa Ana","The Observatory","2015","December","7","US",37.09024,-95.712891,33.7366,-117.8819,"07 December, 2015"
"187",2015-11-24,"Portugal","Oporto","Teatro Sá da Bandeira","2015","November","24","PT",39.399872,-8.224454,41.1579,-8.61032,"24 November, 2015"
"188",2015-11-23,"Portugal","Lisbon","Espaço Armazém F","2015","November","23","PT",39.399872,-8.224454,38.7227,-9.1449,"23 November, 2015"
"189",2015-11-22,"Spain","Madrid","La Riviera","2015","November","22","ES",40.463667,-3.74922,40.4,-3.6834,"22 November, 2015"
"190",2015-11-21,"Spain","Barcelona","Sala Apolo","2015","November","21","ES",40.463667,-3.74922,41.3833,2.1834,"21 November, 2015"
"191",2015-11-20,"Spain","Barcelona","Sala Apolo","2015","November","20","ES",40.463667,-3.74922,41.3833,2.1834,"20 November, 2015"
"192",2015-11-18,"Switzerland","Lausanne","Les Docks","2015","November","18","CH",46.818188,8.227512,46.5304,6.65,"18 November, 2015"
"193",2015-11-17,"Germany","Munich","Freiheiz","2015","November","17","DE",51.165691,10.451526,48.1299,11.575,"17 November, 2015"
"194",2015-11-16,"Germany","Berlin","Huxley's Neue Welt","2015","November","16","DE",51.165691,10.451526,52.5218,13.4015,"16 November, 2015"
"195",2015-11-14,"Germany","Hamburg","Kampnagel","2015","November","14","DE",51.165691,10.451526,53.55,10,"14 November, 2015"
"196",2015-11-13,"Denmark","Copenhagen","Vega","2015","November","13","DK",56.26392,9.501785,55.6786,12.5635,"13 November, 2015"
"197",2015-11-12,"Sweden","Stockholm","Debaser Medis","2015","November","12","SE",60.128161,18.643501,59.3508,18.0973,"12 November, 2015"
"198",2015-11-11,"Sweden","Gothenburg","Trädgår'n","2015","November","11","SE",60.128161,18.643501,57.7072326,11.9670171,"11 November, 2015"
"199",2015-11-10,"Norway","Oslo","Sentrum Scene","2015","November","10","NO",60.472024,8.468946,59.9167,10.75,"10 November, 2015"
"200",2015-11-07,"Iceland","Reykjavik","Harpa - Silfurberg","2015","November","7","IS",64.963051,-19.020835,64.15043785,-21.93288663,"07 November, 2015"
"201",2015-11-05,"Luxembourg","Luxembourg","Den Atelier","2015","November","5","LU",49.815273,6.129583,49.6117,6.13,"05 November, 2015"
"202",2015-11-04,"Germany","Cologne","Gloria Theater","2015","November","4","DE",51.165691,10.451526,50.93,6.95,"04 November, 2015"
"203",2015-11-03,"Belgium","Brussels","Ancienne Belgique","2015","November","3","BE",50.503887,4.469936,50.8333,4.3333,"03 November, 2015"
"204",2015-11-02,"Netherlands","Amsterdam","Paradiso Grote Zaal","2015","November","2","NL",52.132633,5.291266,52.35,4.9166,"02 November, 2015"
"205",2015-10-31,"United Kingdom","London","O2 Shepherd's Bush Empire","2015","October","31","GB",55.378051,-3.435973,51.5,-0.1167,"31 October, 2015"
"206",2015-10-30,"United Kingdom","London","O2 Shepherd's Bush Empire","2015","October","30","GB",55.378051,-3.435973,51.5,-0.1167,"30 October, 2015"
"207",2015-10-29,"France","Paris","Grande Halle de la Villette","2015","October","29","FR",46.227638,2.213749,48.8667,2.3333,"29 October, 2015"
"208",2015-10-27,"United Kingdom","Manchester","O2 Ritz","2015","October","27","GB",55.378051,-3.435973,53.5004,-2.248,"27 October, 2015"
"209",2015-10-26,"Scotland","Glasgow","O2 ABC","2015","October","26","SCT",56.4906712,-4.2026458,55.8611443,-4.2501693,"26 October, 2015"
"210",2015-10-25,"Ireland","Dublin","Vicar Street","2015","October","25","IE",53.41291,-8.24389,53.3331,-6.2489,"25 October, 2015"
"211",2015-10-24,"Northern Ireland","Belfast","Mandela Hall","2015","October","24","NIR",54.607868,-5.926437,54.5964411,-5.9302761,"24 October, 2015"
"212",2015-10-16,"United States","New York","Late Show With Stephen Colbert","2015","October","16","US",37.09024,-95.712891,40.6943,-73.9249,"16 October, 2015"
"213",2015-10-10,"United States","Baltimore","Ottobar","2015","October","10","US",37.09024,-95.712891,39.3051,-76.6144,"10 October, 2015"
"214",2015-10-08,"United States","Saxapahaw","Haw River Ballroom","2015","October","8","US",37.09024,-95.712891,35.9466083,-79.3190625,"08 October, 2015"
"215",2015-10-07,"United States","Asheville","The Orange Peel","2015","October","7","US",37.09024,-95.712891,35.5704,-82.5537,"07 October, 2015"
"216",2015-10-06,"United States","Atlanta","Buckhead Theatre","2015","October","6","US",37.09024,-95.712891,33.7627,-84.4225,"06 October, 2015"
"217",2015-10-04,"United States","Nashville","Ryman Auditorium","2015","October","4","US",37.09024,-95.712891,36.1715,-86.7843,"04 October, 2015"
"218",2015-10-03,"United States","Birmingham","Saturn","2015","October","3","US",37.09024,-95.712891,33.5277,-86.7987,"03 October, 2015"
"219",2015-10-02,"United States","New Orleans","Civic Theatre","2015","October","2","US",37.09024,-95.712891,30.0687,-89.9288,"02 October, 2015"
"220",2015-10-01,"United States","Houston","House of Blues","2015","October","1","US",37.09024,-95.712891,29.7869,-95.3905,"01 October, 2015"
"221",2015-09-29,"United States","Tulsa","Cain's Ballroom","2015","Septmber","29","US",37.09024,-95.712891,36.1284,-95.9043,"29 September, 2015"
"222",2015-09-28,"United States","Memphis","Minglewood Hall","2015","Septmber","28","US",37.09024,-95.712891,35.1046,-89.9773,"28 September, 2015"
"223",2015-09-27,"United States","St. Louis","The Pageant","2015","Septmber","27","US",37.09024,-95.712891,38.6358,-90.2451,"27 September, 2015"
"224",2015-09-26,"United States","Lawrence","Liberty Hall","2015","Septmber","26","US",37.09024,-95.712891,42.7003,-71.1626,"26 September, 2015"
"225",2015-09-25,"United States","Omaha","Slowdown","2015","Septmber","25","US",37.09024,-95.712891,41.2628,-96.0498,"25 September, 2015"
"226",2015-09-23,"United States","Minneapolis","First Avenue","2015","Septmber","23","US",37.09024,-95.712891,44.9635,-93.2678,"23 September, 2015"
"227",2015-09-22,"United States","Minneapolis","First Avenue","2015","Septmber","22","US",37.09024,-95.712891,44.9635,-93.2678,"22 September, 2015"
"228",2015-09-21,"United States","Milwaukee","Pabst Theater","2015","Septmber","21","US",37.09024,-95.712891,43.0642,-87.9673,"21 September, 2015"
"229",2015-09-19,"United States","Royal Oak","Royal Oak Music Theatre","2015","Septmber","19","US",37.09024,-95.712891,42.5084,-83.1539,"19 September, 2015"
"230",2015-09-18,"United States","Cincinnati","Bogart's","2015","Septmber","18","US",37.09024,-95.712891,39.1412,-84.506,"18 September, 2015"
"231",2015-09-17,"United States","Columbus","Newport Music Hall","2015","Septmber","17","US",37.09024,-95.712891,39.986,-82.9851,"17 September, 2015"
"232",2015-08-29,"United States","Baltimore","Pier Six Concert Pavilion","2015","August","29","US",37.09024,-95.712891,39.3051,-76.6144,"29 August, 2015"
"233",2015-08-27,"United States","Brooklyn","Baby's All Right","2015","August","27","US",37.09024,-95.712891,40.6501,-73.9496,"27 August, 2015"
"234",2015-08-26,"United States","New Haven","College Street Music Hall","2015","August","26","US",37.09024,-95.712891,41.3112,-72.9246,"26 August, 2015"
"235",2015-08-25,"United States","Providence","Lupo's Heartbreak Hotel","2015","August","25","US",37.09024,-95.712891,41.823,-71.4187,"25 August, 2015"
"236",2015-08-24,"United States","Clifton Park","Upstate Concert Hall","2015","August","24","US",37.09024,-95.712891,42.8587,-73.8242,"24 August, 2015"
"237",2015-08-22,"United States","Millvale","Mr. Smalls Theatre","2015","August","22","US",37.09024,-95.712891,40.4805533,-79.9725086,"22 August, 2015"
"238",2015-08-21,"United States","Buffalo","Town Ballroom","2015","August","21","US",37.09024,-95.712891,42.9017,-78.8487,"21 August, 2015"
"239",2015-08-20,"United States","South Burlington","Higher Ground Music Hall","2015","August","20","US",37.09024,-95.712891,44.4622,-73.2203,"20 August, 2015"
"240",2015-08-19,"United States","Northampton","Pearl Street","2015","August","19","US",37.09024,-95.712891,42.3266,-72.6745,"19 August, 2015"
"241",2015-08-18,"United States","Portland","State Theatre","2015","August","18","US",37.09024,-95.712891,45.5371,-122.65,"18 August, 2015"
"242",2014-10-11,"Canada","Halifax","The Marquee Ballroom","2014","October","11","CA",56.130366,-106.346771,44.65,-63.6,"11 October, 2014"
"243",2014-10-10,"Canada","Fredericton","The Playhouse","2014","October","10","CA",56.130366,-106.346771,45.95,-66.6333,"10 October, 2014"
"244",2014-10-09,"Canada","Quebec City","Le Cercle","2014","October","9","CA",56.130366,-106.346771,46.8259601,-71.2352226,"09 October, 2014"
"245",2014-10-07,"Canada","Montreal","Théâtre Plaza","2014","October","7","CA",56.130366,-106.346771,45.4972159,-73.561668,"07 October, 2014"
"246",2014-10-06,"Canada","Montreal","Théâtre Plaza","2014","October","6","CA",56.130366,-106.346771,45.4972159,-73.561668,"06 October, 2014"
"247",2014-10-05,"Canada","Ottawa","Bronson Centre","2014","October","5","CA",56.130366,-106.346771,45.4167,-75.7,"05 October, 2014"
"248",2014-10-04,"Canada","Toronto","Lee's Palace","2014","October","4","CA",56.130366,-106.346771,43.7,-79.42,"04 October, 2014"
"249",2014-10-03,"Canada","Toronto","Lee's Palace","2014","October","3","CA",56.130366,-106.346771,43.7,-79.42,"03 October, 2014"
"250",2014-10-01,"Canada","Thunder Bay","Crocks","2014","October","1","CA",56.130366,-106.346771,48.4462,-89.275,"01 October, 2014"
"251",2014-09-30,"Canada","Winnipeg","Pyramid Cabaret","2014","Septmber","30","CA",56.130366,-106.346771,49.883,-97.166,"30 September, 2014"
"252",2014-09-28,"Canada","Saskatoon","Louis' Pub","2014","Septmber","28","CA",56.130366,-106.346771,52.17,-106.67,"28 September, 2014"
"253",2014-09-27,"Canada","Calgary","The Republik","2014","Septmber","27","CA",56.130366,-106.346771,51.083,-114.08,"27 September, 2014"
"254",2014-09-26,"Canada","Edmonton","The Starlite Room","2014","Septmber","26","CA",56.130366,-106.346771,53.55,-113.5,"26 September, 2014"
"255",2014-09-24,"Canada","Nelson","The Spirit Bar","2014","Septmber","24","CA",56.130366,-106.346771,49.4837,-117.2833,"24 September, 2014"
"256",2014-09-22,"Canada","Vancouver","Venue","2014","Septmber","22","CA",56.130366,-106.346771,49.2734,-123.1216,"22 September, 2014"
"257",2014-09-21,"Canada","Victoria","Sugar Nightclub","2014","Septmber","21","CA",56.130366,-106.346771,48.4333,-123.35,"21 September, 2014"
"258",2014-09-18,"United States","Anchorage","Bear Tooth Theatre Pub","2014","Septmber","18","US",37.09024,-95.712891,61.1508,-149.1091,"18 September, 2014"
"259",2014-08-29,"United Kingdom","Salisbury","Larmer Tree Gardens","2014","August","29","GB",55.378051,-3.435973,51.0690613,-1.7954134,"29 August, 2014"
"260",2014-01-25,"United States","Brooklyn","Music Hall of Williamsburg","2014","January","25","US",37.09024,-95.712891,40.6501,-73.9496,"25 January, 2014"
"261",2014-01-24,"United States","Washington","9:30 Club","2014","January","24","US",37.09024,-95.712891,38.9047,-77.0163,"24 January, 2014"
"262",2014-01-23,"United States","Baltimore","Floristree","2014","January","23","US",37.09024,-95.712891,39.3051,-76.6144,"23 January, 2014"
"263",2014-01-22,"United States","Philadelphia","Union Transfer","2014","January","22","US",37.09024,-95.712891,40.0077,-75.1339,"22 January, 2014"
"264",2013-09-06,"Mexico","Mexico City","El Plaza Condesa","2013","Septmber","6","MX",23.634501,-102.552784,19.4424,-99.131,"06 September, 2013"
"265",2013-09-03,"Argentina","Buenos Aires","Teatro Vorterix","2013","Septmber","3","AR",-38.416097,-63.616672,-34.6025,-58.3975,"03 September, 2013"
"266",2013-09-01,"Chile","Santiago","Teatro La Cúpula","2013","Septmber","1","CL",-35.675147,-71.542969,-33.45,-70.667,"01 September, 2013"
"267",2013-08-30,"Brazil","Rio de Janeiro","Circo Voador","2013","August","30","BR",-14.235004,-51.92528,-22.925,-43.225,"30 August, 2013"
"268",2013-08-28,"Brazil","São Paulo","Cine Jóia","2013","August","28","BR",-14.235004,-51.92528,-23.5506507,-46.6333824,"28 August, 2013"
"269",2013-08-25,"United States","Los Angeles","Los Angeles State Historic Park","2013","August","25","US",37.09024,-95.712891,34.1139,-118.4068,"25 August, 2013"
"270",2013-08-24,"United States","Monterey","Monterey County Fairgrounds","2013","August","24","US",37.09024,-95.712891,36.5922,-121.8807,"24 August, 2013"
"271",2013-08-10,"Finland","Helsinki","Suvilahti","2013","August","10","FI",61.92411,25.748151,60.1756,24.9341,"10 August, 2013"
"272",2013-08-09,"Norway","Oslo","Middelalderparken","2013","August","9","NO",60.472024,8.468946,59.9167,10.75,"09 August, 2013"
"273",2013-08-08,"Sweden","Gothenburg","Slottsskogen","2013","August","8","SE",60.128161,18.643501,57.7089,11.9746,"08 August, 2013"
"274",2013-08-04,"United States","Chicago","Grant Park","2013","August","4","US",37.09024,-95.712891,41.8373,-87.6862,"04 August, 2013"
"275",2013-08-02,"Canada","Montreal","Parc Jean-Drapeau","2013","August","2","CA",56.130366,-106.346771,45.4972159,-73.561668,"02 August, 2013"
"276",2013-07-31,"United States","Portland","State Theatre","2013","July","31","US",37.09024,-95.712891,45.5371,-122.65,"31 July, 2013"
"277",2013-07-24,"Switzerland","Nyon","L'Asse","2013","July","24","CH",46.818188,8.227512,46.3759907,6.1913819,"24 July, 2013"
"278",2013-07-21,"United Kingdom","Southwold","Henham Park","2013","July","21","GB",55.378051,-3.435973,52.3266586,1.6794539,"21 July, 2013"
"279",2013-07-20,"Ireland","Dublin","Iveagh Gardens","2013","July","20","IE",53.41291,-8.24389,53.3331,-6.2489,"20 July, 2013"
"280",2013-07-18,"Spain","Benicassim","Recinto de Festivales","2013","July","18","ES",40.463667,-3.74922,40.04870295,0.046646554,"18 July, 2013"
"281",2013-07-16,"Netherlands","Utrecht","Tivoli","2013","July","16","NL",52.132633,5.291266,52.1003,5.12,"16 July, 2013"
"282",2013-07-14,"Belgium","Bruges","Minnewaterpark","2013","July","14","BE",50.503887,4.469936,51.2204,3.23,"14 July, 2013"
"283",2013-07-12,"Belgium","Bruges","Minnewaterpark","2013","July","12","BE",50.503887,4.469936,51.2204,3.23,"12 July, 2013"
"284",2013-06-15,"United States","Manchester","Great Stage Park","2013","June","15","US",37.09024,-95.712891,42.9848,-71.4447,"15 June, 2013"
"285",2013-06-13,"United States","Charlotte","Neighborhood Theatre","2013","June","13","US",37.09024,-95.712891,35.2079,-80.8304,"13 June, 2013"
"286",2013-06-07,"United States","Randalls Island","Randall's Island Park","2013","June","7","US",37.09024,-95.712891,40.7967677,-73.9220815,"07 June, 2013"
"287",2013-06-06,"United States","Washington","9:30 Club","2013","June","6","US",37.09024,-95.712891,38.9047,-77.0163,"06 June, 2013"
"288",2013-04-26,"United States","Baltimore","Modell Performing Arts Center at the Lyric","2013","April","26","US",37.09024,-95.712891,39.3051,-76.6144,"26 April, 2013"
"289",2013-04-24,"United States","Cincinnati","Bogart's","2013","April","24","US",37.09024,-95.712891,39.1412,-84.506,"24 April, 2013"
"290",2013-04-23,"United States","Oxford","The Lyric Theatre","2013","April","23","US",37.09024,-95.712891,34.3609,-89.5286,"23 April, 2013"
"291",2013-04-21,"United States","Marfa","Crowley Theater","2013","April","21","US",37.09024,-95.712891,30.3134964,-104.0217161,"21 April, 2013"
"292",2013-04-19,"United States","Indio","Empire Polo Club","2013","April","19","US",37.09024,-95.712891,33.7346,-116.2346,"19 April, 2013"
"293",2013-04-17,"United States","Big Sur","Henry Miller Memorial Library","2013","April","17","US",37.09024,-95.712891,36.7014631,-118.7559974,"17 April, 2013"
"294",2013-04-16,"United States","San Francisco","The Fillmore","2013","April","16","US",37.09024,-95.712891,37.7562,-122.443,"16 April, 2013"
"295",2013-04-12,"United States","Indio","Empire Polo Club","2013","April","12","US",37.09024,-95.712891,33.7346,-116.2346,"12 April, 2013"
"296",2013-04-10,"United States","Pomona","The Glass House","2013","April","10","US",37.09024,-95.712891,34.0585,-117.7626,"10 April, 2013"
"297",2013-04-09,"United States","Phoenix","Crescent Ballroom","2013","April","9","US",37.09024,-95.712891,33.5722,-112.0891,"09 April, 2013"
"298",2013-04-08,"United States","El Paso","Tricky Falls","2013","April","8","US",37.09024,-95.712891,31.8479,-106.4309,"08 April, 2013"
"299",2013-03-26,"United Kingdom","London","O2 Shepherd's Bush Empire","2013","March","26","GB",55.378051,-3.435973,51.5,-0.1167,"26 March, 2013"
"300",2013-03-25,"United Kingdom","London","O2 Shepherd's Bush Empire","2013","March","25","GB",55.378051,-3.435973,51.5,-0.1167,"25 March, 2013"
"301",2013-03-22,"France","Paris","La Cigale","2013","March","22","FR",46.227638,2.213749,48.8667,2.3333,"22 March, 2013"
"302",2013-03-21,"Luxembourg","Esch-sur-Alzette","Rockhal Main Hall","2013","March","21","LU",49.815273,6.129583,49.4958,5.9806,"21 March, 2013"
"303",2013-03-19,"Spain","Avilés","Centro Niemeyer","2013","March","19","ES",40.463667,-3.74922,43.5554436,-5.9222466,"19 March, 2013"
"304",2013-03-17,"Portugal","Oporto","Hard Club","2013","March","17","PT",39.399872,-8.224454,41.1579,-8.61032,"17 March, 2013"
"305",2013-03-16,"Portugal","Lisbon","TMN Ao Vivo","2013","March","16","PT",39.399872,-8.224454,38.7227,-9.1449,"16 March, 2013"
"306",2013-03-15,"Spain","Madrid","La Riviera","2013","March","15","ES",40.463667,-3.74922,40.4,-3.6834,"15 March, 2013"
"307",2013-03-14,"Spain","Barcelona","Sala Apolo","2013","March","14","ES",40.463667,-3.74922,41.3833,2.1834,"14 March, 2013"
"308",2013-03-13,"Spain","Barcelona","Sala Apolo","2013","March","13","ES",40.463667,-3.74922,41.3833,2.1834,"13 March, 2013"
"309",2013-03-11,"Italy","Milan","Magazzini Generali","2013","March","11","IT",41.87194,12.56738,45.47,9.205,"11 March, 2013"
"310",2013-03-10,"Italy","Rome","Piper Club","2013","March","10","IT",41.87194,12.56738,41.896,12.4833,"10 March, 2013"
"311",2013-03-09,"Italy","Bologna","Estragon","2013","March","9","IT",41.87194,12.56738,44.5004,11.34,"09 March, 2013"
"312",2013-01-20,"Japan","Tokyo","LIQUIDROOM","2013","January","20","JP",36.204824,138.252924,35.685,139.7514,"20 January, 2013"
"313",2013-01-18,"Japan","Osaka","Umeda Club Quattro","2013","January","18","JP",36.204824,138.252924,34.6937569,135.5014539,"18 January, 2013"
"314",2013-01-12,"Australia","Bangalow","Bangalow A&I Hall","2013","January","12","AU",-25.274398,133.775136,-30.3546478,152.5640595,"12 January, 2013"
"315",2013-01-11,"Australia","Brisbane","The Tivoli","2013","January","11","AU",-25.274398,133.775136,-27.455,153.0351,"11 January, 2013"
"316",2013-01-09,"Australia","Melbourne","Forum Theatre","2013","January","9","AU",-25.274398,133.775136,-37.82,144.975,"09 January, 2013"
"317",2013-01-05,"Australia","Busselton","Sir Stewart Bovell Park","2013","January","5","AU",-25.274398,133.775136,-33.6564,115.3487,"05 January, 2013"
"318",2013-01-03,"Australia","Sydney","Enmore Theatre","2013","January","3","AU",-25.274398,133.775136,-33.92,151.1852,"03 January, 2013"
"319",2012-12-31,"Australia","Marion Bay","Marion Bay Falls Festival Site","2012","December","31","AU",-25.274398,133.775136,-35.238043,136.9790673,"31 December, 2012"
"320",2012-12-30,"Australia","Lorne","Lorne Falls Festival Site","2012","December","30","AU",-25.274398,133.775136,-38.5411691,143.9748166,"30 December, 2012"
"321",2012-11-20,"France","Paris","Le Trianon","2012","November","20","FR",46.227638,2.213749,48.8667,2.3333,"20 November, 2012"
"322",2012-11-19,"Netherlands","Amsterdam","Paradiso Grote Zaal","2012","November","19","NL",52.132633,5.291266,52.35,4.9166,"19 November, 2012"
"323",2012-11-18,"Belgium","Brussels","Ancienne Belgique","2012","November","18","BE",50.503887,4.469936,50.8333,4.3333,"18 November, 2012"
"324",2012-11-17,"Switzerland","Lausanne","Les Docks","2012","November","17","CH",46.818188,8.227512,46.5304,6.65,"17 November, 2012"
"325",2012-11-16,"Germany","Cologne","Gloria Theater","2012","November","16","DE",51.165691,10.451526,50.93,6.95,"16 November, 2012"
"326",2012-11-14,"Germany","Munich","Feierwerk","2012","November","14","DE",51.165691,10.451526,48.1299,11.575,"14 November, 2012"
"327",2012-11-13,"Austria","Vienna","Flex","2012","November","13","AT",47.516231,14.550072,48.2,16.3666,"13 November, 2012"
"328",2012-11-12,"Czech Republic","Prague","Meet Factory","2012","November","12","CZ",49.817492,15.472962,50.0874654,14.4212535,"12 November, 2012"
"329",2012-11-11,"Poland","Warsaw","Fabryka Trzciny","2012","November","11","PL",51.919438,19.145136,52.25,21,"11 November, 2012"
"330",2012-11-10,"Germany","Berlin","Astra","2012","November","10","DE",51.165691,10.451526,52.5218,13.4015,"10 November, 2012"
"331",2012-11-09,"Norway","Oslo","Sentrum Scene","2012","November","9","NO",60.472024,8.468946,59.9167,10.75,"09 November, 2012"
"332",2012-11-08,"Norway","Oslo","Sentrum Scene","2012","November","8","NO",60.472024,8.468946,59.9167,10.75,"08 November, 2012"
"333",2012-11-07,"Sweden","Stockholm","Berns","2012","November","7","SE",60.128161,18.643501,59.3508,18.0973,"07 November, 2012"
"334",2012-11-06,"Denmark","Copenhagen","Store Vega","2012","November","6","DK",56.26392,9.501785,55.6786,12.5635,"06 November, 2012"
"335",2012-11-05,"Germany","Hamburg","Kampnagel","2012","November","5","DE",51.165691,10.451526,53.55,10,"05 November, 2012"
"336",2012-11-03,"United Kingdom","Bristol","Anson Rooms","2012","November","3","GB",55.378051,-3.435973,51.45,-2.5833,"03 November, 2012"
"337",2012-11-02,"United Kingdom","London","Roundhouse","2012","November","2","GB",55.378051,-3.435973,51.5,-0.1167,"02 November, 2012"
"338",2012-10-31,"United Kingdom","Manchester","HMV Ritz","2012","October","31","GB",55.378051,-3.435973,53.5004,-2.248,"31 October, 2012"
"339",2012-10-30,"United Kingdom","Leeds","Stylus","2012","October","30","GB",55.378051,-3.435973,53.83,-1.58,"30 October, 2012"
"340",2012-10-29,"Scotland","Glasgow","The Arches","2012","October","29","SCT",56.4906712,-4.2026458,55.8611443,-4.2501693,"29 October, 2012"
"341",2012-10-28,"Ireland","Dublin","Vicar Street","2012","October","28","IE",53.41291,-8.24389,53.3331,-6.2489,"28 October, 2012"
"342",2012-10-27,"Ireland","Cork","Cork Opera House","2012","October","27","IE",53.41291,-8.24389,51.8986,-8.4958,"27 October, 2012"
"343",2012-10-26,"Northern Ireland","Belfast","Mandela Hall","2012","October","26","NIR",54.607868,-5.926437,54.5964411,-5.9302761,"26 October, 2012"
"344",2012-10-17,"United States","Washington","9:30 Club","2012","October","17","US",37.09024,-95.712891,38.9047,-77.0163,"17 October, 2012"
"345",2012-10-16,"United States","Philadelphia","Union Transfer","2012","October","16","US",37.09024,-95.712891,40.0077,-75.1339,"16 October, 2012"
"346",2012-10-15,"United States","Boston","The Wilbur Theatre","2012","October","15","US",37.09024,-95.712891,42.3188,-71.0846,"15 October, 2012"
"347",2012-10-14,"Canada","Montreal","Club Soda","2012","October","14","CA",56.130366,-106.346771,45.4972159,-73.561668,"14 October, 2012"
"348",2012-10-13,"Canada","Toronto","Kool Haus","2012","October","13","CA",56.130366,-106.346771,43.7,-79.42,"13 October, 2012"
"349",2012-10-11,"United States","Chicago","Riviera Theatre","2012","October","11","US",37.09024,-95.712891,41.8373,-87.6862,"11 October, 2012"
"350",2012-10-10,"United States","Milwaukee","Pabst Theater","2012","October","10","US",37.09024,-95.712891,43.0642,-87.9673,"10 October, 2012"
"351",2012-10-09,"United States","Minneapolis","First Avenue","2012","October","9","US",37.09024,-95.712891,44.9635,-93.2678,"09 October, 2012"
"352",2012-10-08,"United States","Omaha","Slowdown","2012","October","8","US",37.09024,-95.712891,41.2628,-96.0498,"08 October, 2012"
"353",2012-10-04,"United States","Seattle","Showbox at the Market","2012","October","4","US",37.09024,-95.712891,47.6211,-122.3244,"04 October, 2012"
"354",2012-10-03,"United States","Seattle","Showbox at the Market","2012","October","3","US",37.09024,-95.712891,47.6211,-122.3244,"03 October, 2012"
"355",2012-10-01,"Canada","Vancouver","Commodore Ballroom","2012","October","1","CA",56.130366,-106.346771,49.2734,-123.1216,"01 October, 2012"
"356",2012-09-30,"United States","Portland","Roseland Theater","2012","Septmber","30","US",37.09024,-95.712891,45.5371,-122.65,"30 September, 2012"
"357",2012-09-29,"United States","Eugene","McDonald Theatre","2012","Septmber","29","US",37.09024,-95.712891,44.0563,-123.1173,"29 September, 2012"
"358",2012-09-28,"United States","Oakland","Fox Theater","2012","Septmber","28","US",37.09024,-95.712891,37.7903,-122.2165,"28 September, 2012"
"359",2012-09-26,"United States","Los Angeles","Wiltern Theatre","2012","Septmber","26","US",37.09024,-95.712891,34.1139,-118.4068,"26 September, 2012"
"360",2012-09-25,"United States","Los Angeles","Wiltern Theatre","2012","Septmber","25","US",37.09024,-95.712891,34.1139,-118.4068,"25 September, 2012"
"361",2012-09-24,"United States","Tucson","Rialto Theatre","2012","Septmber","24","US",37.09024,-95.712891,32.1545,-110.8782,"24 September, 2012"
"362",2012-09-21,"United States","Dallas","Palladium Ballroom","2012","Septmber","21","US",37.09024,-95.712891,32.7936,-96.7662,"21 September, 2012"
"363",2012-09-20,"United States","Austin","Stubb's Bar-B-Q","2012","Septmber","20","US",37.09024,-95.712891,30.3006,-97.7517,"20 September, 2012"
"364",2012-09-19,"United States","Houston","House of Blues","2012","Septmber","19","US",37.09024,-95.712891,29.7869,-95.3905,"19 September, 2012"
"365",2012-09-18,"United States","New Orleans","Tipitina's","2012","Septmber","18","US",37.09024,-95.712891,30.0687,-89.9288,"18 September, 2012"
"366",2012-09-16,"United States","Atlanta","Variety Playhouse","2012","Septmber","16","US",37.09024,-95.712891,33.7627,-84.4225,"16 September, 2012"
"367",2012-09-15,"United States","Nashville","Marathon Music Works","2012","Septmber","15","US",37.09024,-95.712891,36.1715,-86.7843,"15 September, 2012"
"368",2012-09-14,"United States","Knoxville","Bijou Theatre","2012","Septmber","14","US",37.09024,-95.712891,35.9692,-83.9496,"14 September, 2012"
"369",2012-09-13,"United States","Richmond","The National","2012","Septmber","13","US",37.09024,-95.712891,37.5295,-77.4756,"13 September, 2012"
"370",2012-08-31,"United Kingdom","Salisbury","Larmer Tree Gardens","2012","August","31","GB",55.378051,-3.435973,51.0690613,-1.7954134,"31 August, 2012"
"371",2012-08-29,"Germany","Frankfurt","Das Bett","2012","August","29","DE",51.165691,10.451526,50.1,8.675,"29 August, 2012"
"372",2012-08-28,"Germany","Duisburg","Grammatikoff","2012","August","28","DE",51.165691,10.451526,51.43,6.75,"28 August, 2012"
"373",2012-08-27,"Netherlands","Groningen","Vera","2012","August","27","NL",52.132633,5.291266,53.2204,6.58,"27 August, 2012"
"374",2012-08-26,"France","Saint-Cloud","Domaine national de Saint-Cloud","2012","August","26","FR",46.227638,2.213749,48.8437412,2.219344,"26 August, 2012"
"375",2012-08-24,"Poland","Katowice","Dolina Trzech Stawów","2012","August","24","PL",51.919438,19.145136,50.2604,19.02,"24 August, 2012"
"376",2012-07-23,"United States","New York","Rumsey Playfield","2012","July","23","US",37.09024,-95.712891,40.6943,-73.9249,"23 July, 2012"
"377",2012-07-21,"United States","Millvale","Mr. Smalls Theatre","2012","July","21","US",37.09024,-95.712891,40.4805533,-79.9725086,"21 July, 2012"
"378",2012-07-20,"United States","Columbus","Newport Music Hall","2012","July","20","US",37.09024,-95.712891,39.986,-82.9851,"20 July, 2012"
"379",2012-07-19,"United States","Cleveland","House of Blues","2012","July","19","US",37.09024,-95.712891,41.4767,-81.6805,"19 July, 2012"
"380",2012-07-18,"United States","Pontiac","The Crofoot","2012","July","18","US",37.09024,-95.712891,42.6493,-83.2878,"18 July, 2012"
"381",2012-07-17,"United States","Indianapolis","The Vogue","2012","July","17","US",37.09024,-95.712891,39.7771,-86.1458,"17 July, 2012"
"382",2012-07-15,"United States","Chicago","Union Park","2012","July","15","US",37.09024,-95.712891,41.8373,-87.6862,"15 July, 2012"
"383",2012-07-13,"United States","Louisville","Waterfront Park","2012","July","13","US",37.09024,-95.712891,38.1663,-85.6485,"13 July, 2012"
"384",2012-07-12,"United States","Memphis","Minglewood Hall","2012","July","12","US",37.09024,-95.712891,35.1046,-89.9773,"12 July, 2012"
"385",2012-07-11,"United States","St. Louis","The Pageant","2012","July","11","US",37.09024,-95.712891,38.6358,-90.2451,"11 July, 2012"
"386",2012-07-09,"United States","Tulsa","Cain's Ballroom","2012","July","9","US",37.09024,-95.712891,36.1284,-95.9043,"09 July, 2012"
"387",2012-07-07,"United States","Albuquerque","Sunshine Theater","2012","July","7","US",37.09024,-95.712891,35.1053,-106.6464,"07 July, 2012"
"388",2012-07-06,"United States","Aspen","Belly Up","2012","July","6","US",37.09024,-95.712891,39.1948,-106.837,"06 July, 2012"
"389",2012-07-05,"United States","Salt Lake City","Farmer's Market @ Pioneer Park","2012","July","5","US",37.09024,-95.712891,40.7774,-111.93,"05 July, 2012"
"390",2012-07-03,"United States","Los Angeles","El Rey Theatre","2012","July","3","US",37.09024,-95.712891,34.1139,-118.4068,"03 July, 2012"
"391",2012-07-01,"United States","San Diego","House of Blues","2012","July","1","US",37.09024,-95.712891,32.8312,-117.1225,"01 July, 2012"
"392",2012-06-08,"Portugal","Oporto","Parque da Cidade","2012","June","8","PT",39.399872,-8.224454,41.1579,-8.61032,"08 June, 2012"
"393",2012-06-07,"France","Biarritz","Atabal","2012","June","7","FR",46.227638,2.213749,43.4733,-1.5616,"07 June, 2012"
"394",2012-06-06,"France","Feyzin","L’Épicerie Moderne","2012","June","6","FR",46.227638,2.213749,45.6738,4.85831,"06 June, 2012"
"395",2012-06-05,"France","Nantes","Stereolux","2012","June","5","FR",46.227638,2.213749,47.2104,-1.59,"05 June, 2012"
"396",2012-06-04,"France","Bordeaux","Rock School Barbey","2012","June","4","FR",46.227638,2.213749,44.85,-0.595,"04 June, 2012"
"397",2012-06-03,"France","Montpellier","Le Rockstore","2012","June","3","FR",46.227638,2.213749,43.6104,3.87,"03 June, 2012"
"398",2012-06-02,"Spain","Barcelona","Parc del Fòrum","2012","June","2","ES",40.463667,-3.74922,41.3833,2.1834,"02 June, 2012"
"399",2012-05-29,"France","Paris","La Maroquinerie","2012","May","29","FR",46.227638,2.213749,48.8667,2.3333,"29 May, 2012"
"400",2012-05-27,"Germany","Berlin","Volksbühne","2012","May","27","DE",51.165691,10.451526,52.5218,13.4015,"27 May, 2012"
"401",2012-05-26,"Netherlands","Amsterdam","Melkweg Oude Zaal","2012","May","26","NL",52.132633,5.291266,52.35,4.9166,"26 May, 2012"
"402",2012-05-24,"United Kingdom","London","Village Underground","2012","May","24","GB",55.378051,-3.435973,51.5,-0.1167,"24 May, 2012"
"403",2012-05-23,"United Kingdom","Brighton","The Haunt","2012","May","23","GB",55.378051,-3.435973,50.8303,-0.17,"23 May, 2012"
"404",2012-05-19,"Belgium","Kortrijk","De Kreun","2012","May","19","BE",50.503887,4.469936,50.8276429,3.2659884,"19 May, 2012"
"405",2012-05-15,"United States","New York","Bowery Ballroom","2012","May","15","US",37.09024,-95.712891,40.6943,-73.9249,"15 May, 2012"
"406",2012-05-13,"United States","Asheville","The Orange Peel","2012","May","13","US",37.09024,-95.712891,35.5704,-82.5537,"13 May, 2012"
"407",2012-05-12,"United States","Athens","Georgia Theatre","2012","May","12","US",37.09024,-95.712891,33.9508,-83.3689,"12 May, 2012"
"408",2012-05-11,"United States","Birmingham","Bottletree Café","2012","May","11","US",37.09024,-95.712891,33.5277,-86.7987,"11 May, 2012"
"409",2012-05-10,"United States","Jacksonville Beach","Freebird Live","2012","May","10","US",37.09024,-95.712891,30.2782,-81.4045,"10 May, 2012"
"410",2012-05-09,"United States","Orlando","The Beacham","2012","May","9","US",37.09024,-95.712891,28.4772,-81.3369,"09 May, 2012"
"411",2012-05-08,"United States","Miami Beach","The Fillmore Miami Beach at Jackie Gleason Theater","2012","May","8","US",37.09024,-95.712891,25.8171,-80.1396,"08 May, 2012"
"412",2012-05-05,"United States","Carrboro","Cat's Cradle","2012","May","5","US",37.09024,-95.712891,35.9259,-79.0877,"05 May, 2012"
"413",2012-05-04,"United States","Charlottesville","The Jefferson Theater","2012","May","4","US",37.09024,-95.712891,38.0375,-78.4855,"04 May, 2012"
"414",2011-10-16,"United States","San Francisco","Treasure Island","2011","October","16","US",37.09024,-95.712891,37.7562,-122.443,"16 October, 2011"
"415",2011-10-13,"Iceland","Reykjavik","Art Museum","2011","October","13","IS",64.963051,-19.020835,64.145981,21.9422367,"13 October, 2011"
"416",2011-07-31,"Japan","Yuzawa","Naeba Ski Resort","2011","July","31","JP",36.204824,138.252924,39.1643018,140.4957467,"31 July, 2011"
"417",2011-07-28,"Spain","Barcelona","Poble Espanyol","2011","July","28","ES",40.463667,-3.74922,41.3833,2.1834,"28 July, 2011"
"418",2011-07-24,"United Kingdom","London","Alexandra Palace","2011","July","24","GB",55.378051,-3.435973,51.5,-0.1167,"24 July, 2011"
"419",2011-07-23,"Ireland","Dublin","Marlay Park","2011","July","23","IE",53.41291,-8.24389,53.3331,-6.2489,"23 July, 2011"
"420",2011-07-16,"Latvia","Salacgriva","Zvejnieku parks","2011","July","16","LV",56.879635,24.603189,57.7567573,24.3570447,"16 July, 2011"
"421",2011-07-14,"Sweden","Hultsfred","Hultsfreds Hembygdspark","2011","July","14","SE",60.128161,18.643501,57.4898352,15.8428142,"14 July, 2011"
"422",2011-05-29,"United States","George","The Gorge Amphitheatre","2011","May","29","US",37.09024,-95.712891,47.1009943,-119.9953794,"29 May, 2011"
"423",2011-05-12,"United Kingdom","Manchester","Manchester Academy 1, University of Manchester","2011","May","12","GB",55.378051,-3.435973,53.5004,-2.248,"12 May, 2011"
"424",2011-02-26,"United States","Washington","9:30 Club","2011","February","26","US",37.09024,-95.712891,38.9047,-77.0163,"26 February, 2011"
"425",2011-02-25,"United States","New York","Webster Hall","2011","February","25","US",37.09024,-95.712891,40.6943,-73.9249,"25 February, 2011"
"426",2011-02-24,"United States","Philadelphia","Trocadero Theatre","2011","February","24","US",37.09024,-95.712891,40.0077,-75.1339,"24 February, 2011"
"427",2011-02-23,"United States","New York","Webster Hall","2011","February","23","US",37.09024,-95.712891,40.6943,-73.9249,"23 February, 2011"
"428",2011-02-18,"United States","San Francisco","The Fillmore","2011","February","18","US",37.09024,-95.712891,37.7562,-122.443,"18 February, 2011"
"429",2011-02-17,"United States","Los Angeles","Music Box at the Fonda","2011","February","17","US",37.09024,-95.712891,34.1139,-118.4068,"17 February, 2011"
"430",2011-02-16,"United States","Los Angeles","Music Box at the Fonda","2011","February","16","US",37.09024,-95.712891,34.1139,-118.4068,"16 February, 2011"
"431",2011-02-12,"Australia","Perth","Perth Cultural Centre","2011","February","12","AU",-25.274398,133.775136,-31.955,115.84,"12 February, 2011"
"432",2011-02-11,"Australia","Adelaide","Fowlers Live","2011","February","11","AU",-25.274398,133.775136,-34.935,138.6,"11 February, 2011"
"433",2011-02-06,"Australia","Sydney","Sydney College of the Arts","2011","February","6","AU",-25.274398,133.775136,-33.92,151.1852,"06 February, 2011"
"434",2011-02-05,"Australia","Melbourne","Footscray Community Arts Centre","2011","February","5","AU",-25.274398,133.775136,-37.82,144.975,"05 February, 2011"
"435",2011-02-04,"Australia","Brisbane","Alexandria Street, Fortitude Valley","2011","February","4","AU",-25.274398,133.775136,-27.455,153.0351,"04 February, 2011"
"436",2011-02-01,"New Zealand","Wellington","Wellington Town Hall","2011","February","1","NZ",-40.900557,174.885971,-41.3,174.7833,"01 February, 2011"
"437",2011-01-31,"New Zealand","Auckland","Aotea Square","2011","January","31","NZ",-40.900557,174.885971,-36.8481,174.763,"31 January, 2011"
"438",2011-01-29,"Singapore","Singapore","Fort Canning Park","2011","January","29","SG",1.352083,103.819836,1.293,103.8558,"29 January, 2011"
"439",2011-01-27,"Australia","Sydney","City Recital Hall Angel Place","2011","January","27","AU",-25.274398,133.775136,-33.92,151.1852,"27 January, 2011"
"440",2011-01-26,"Australia","Sydney","Beck's Festival Bar","2011","January","26","AU",-25.274398,133.775136,-33.92,151.1852,"26 January, 2011"
"441",2011-01-25,"Australia","Melbourne","The Hi-Fi","2011","January","25","AU",-25.274398,133.775136,-37.82,144.975,"25 January, 2011"
"442",2011-01-24,"Australia","Melbourne","Curtin House","2011","January","24","AU",-25.274398,133.775136,-37.82,144.975,"24 January, 2011"
"443",2011-01-22,"Australia","Mullumbimby","Mullumbimby Civic Memorial Hall","2011","January","22","AU",-25.274398,133.775136,-28.5483333,153.5011111,"22 January, 2011"
"444",2010-12-20,"United States","Burbank","Conan","2010","December","20","US",37.09024,-95.712891,34.1879,-118.3235,"20 December, 2010"
"445",2010-11-27,"Belgium","Brussels","Ancienne Belgique","2010","November","27","BE",50.503887,4.469936,50.8333,4.3333,"27 November, 2010"
"446",2010-11-26,"Netherlands","Utrecht","Tivoli","2010","November","26","NL",52.132633,5.291266,52.1003,5.12,"26 November, 2010"
"447",2010-11-25,"United Kingdom","Brighton","Concorde 2","2010","November","25","GB",55.378051,-3.435973,50.8303,-0.17,"25 November, 2010"
"448",2010-11-24,"United Kingdom","Bristol","Trinity Centre","2010","November","24","GB",55.378051,-3.435973,51.45,-2.5833,"24 November, 2010"
"449",2010-11-23,"United Kingdom","London","O2 Shepherd's Bush Empire","2010","November","23","GB",55.378051,-3.435973,51.5,-0.1167,"23 November, 2010"
"450",2010-11-22,"Ireland","Dublin","Vicar Street","2010","November","22","IE",53.41291,-8.24389,53.3331,-6.2489,"22 November, 2010"
"451",2010-11-20,"Scotland","Glasgow","Òran Mór","2010","November","20","SCT",56.4906712,-4.2026458,55.8611443,-4.2501693,"20 November, 2010"
"452",2010-11-19,"United Kingdom","Manchester","Manchester Cathedral","2010","November","19","GB",55.378051,-3.435973,53.5004,-2.248,"19 November, 2010"
"453",2010-11-16,"Switzerland","Zurich","Kaufleuten","2010","November","16","CH",46.818188,8.227512,47.3723941,8.5423328,"16 November, 2010"
"454",2010-11-15,"Switzerland","Geneva","L’Usine","2010","November","15","CH",46.818188,8.227512,46.21,6.14,"15 November, 2010"
"455",2010-11-14,"Germany","Cologne","Gebäude 9","2010","November","14","DE",51.165691,10.451526,50.93,6.95,"14 November, 2010"
"456",2010-11-13,"Germany","Hamburg","Uebel & Gefährlich","2010","November","13","DE",51.165691,10.451526,53.55,10,"13 November, 2010"
"457",2010-11-12,"Denmark","Copenhagen","Store Vega","2010","November","12","DK",56.26392,9.501785,55.6786,12.5635,"12 November, 2010"
"458",2010-11-11,"Norway","Oslo","Rockefeller Music Hall","2010","November","11","NO",60.472024,8.468946,59.9167,10.75,"11 November, 2010"
"459",2010-11-10,"Sweden","Stockholm","Debaser Medis","2010","November","10","SE",60.128161,18.643501,59.3508,18.0973,"10 November, 2010"
"460",2010-11-09,"Sweden","Lund","Mejeriet","2010","November","9","SE",60.128161,18.643501,55.7047,13.191,"09 November, 2010"
"461",2010-11-06,"France","Clermont-Ferrand","La Coopérative de Mai","2010","November","6","FR",46.227638,2.213749,45.78,3.08,"06 November, 2010"
"462",2010-11-05,"France","Rennes","Antipode MJC","2010","November","5","FR",46.227638,2.213749,48.1,-1.67,"05 November, 2010"
"463",2010-10-17,"United States","Raleigh","Raleigh Amphitheater","2010","October","17","US",37.09024,-95.712891,35.8324,-78.6438,"17 October, 2010"
"464",2010-10-16,"United States","Athens","40 Watt Club","2010","October","16","US",37.09024,-95.712891,33.9508,-83.3689,"16 October, 2010"
"465",2010-10-14,"United States","St. Augustine","St. Augustine Amphitheatre","2010","October","14","US",37.09024,-95.712891,29.8977,-81.31,"14 October, 2010"
"466",2010-10-13,"United States","Miami Beach","The Fillmore Miami Beach at Jackie Gleason Theater","2010","October","13","US",37.09024,-95.712891,25.8171,-80.1396,"13 October, 2010"
"467",2010-10-12,"United States","St. Petersburg","Jannus Live","2010","October","12","US",37.09024,-95.712891,27.793,-82.6652,"12 October, 2010"
"468",2010-10-11,"United States","Orlando","Hard Rock Live","2010","October","11","US",37.09024,-95.712891,28.4772,-81.3369,"11 October, 2010"
"469",2010-10-09,"United States","New Orleans","Mahalia Jackson Theater","2010","October","9","US",37.09024,-95.712891,30.0687,-89.9288,"09 October, 2010"
"470",2010-10-08,"United States","Austin","Zilker Park","2010","October","8","US",37.09024,-95.712891,30.3006,-97.7517,"08 October, 2010"
"471",2010-10-07,"United States","Houston","Verizon Wireless Theater","2010","October","7","US",37.09024,-95.712891,29.7869,-95.3905,"07 October, 2010"
"472",2010-10-06,"United States","Dallas","Palladium Ballroom","2010","October","6","US",37.09024,-95.712891,32.7936,-96.7662,"06 October, 2010"
"473",2010-10-03,"United States","St. Louis","Chaifetz Arena","2010","October","3","US",37.09024,-95.712891,38.6358,-90.2451,"03 October, 2010"
"474",2010-10-02,"United States","Kansas City","Starlight Theater","2010","October","2","US",37.09024,-95.712891,39.1239,-94.5541,"02 October, 2010"
"475",2010-09-29,"United States","Las Vegas","Pearl Concert Theater at Palms Casino Resort","2010","Septmber","29","US",37.09024,-95.712891,36.2333,-115.2654,"29 September, 2010"
"476",2010-09-26,"United States","Los Angeles","Hollywood Bowl","2010","Septmber","26","US",37.09024,-95.712891,34.1139,-118.4068,"26 September, 2010"
"477",2010-09-25,"United States","Berkeley","William Randolph Hearst Greek Theatre","2010","Septmber","25","US",37.09024,-95.712891,37.8723,-122.276,"25 September, 2010"
"478",2010-09-17,"United States","New York","Radio City Music Hall","2010","Septmber","17","US",37.09024,-95.712891,40.6943,-73.9249,"17 September, 2010"
"479",2010-09-15,"United States","New York","Radio City Music Hall","2010","Septmber","15","US",37.09024,-95.712891,40.6943,-73.9249,"15 September, 2010"
"480",2010-09-13,"United States","Holyoke","Mountain Park","2010","Septmber","13","US",37.09024,-95.712891,42.2125,-72.6411,"13 September, 2010"
"481",2010-09-12,"United States","Boston","Bank of America Pavilion","2010","Septmber","12","US",37.09024,-95.712891,42.3188,-71.0846,"12 September, 2010"
"482",2010-09-11,"United States","Columbia","Merriweather Post Pavilion","2010","Septmber","11","US",37.09024,-95.712891,34.0376,-80.9037,"11 September, 2010"
"483",2010-09-10,"United States","Rochester","Main Street Armory","2010","Septmber","10","US",37.09024,-95.712891,43.168,-77.6162,"10 September, 2010"
"484",2010-09-08,"Canada","Montreal","Metropolis","2010","Septmber","8","CA",56.130366,-106.346771,45.4972159,-73.561668,"08 September, 2010"
"485",2010-09-07,"Canada","Toronto","Molson Amphitheatre","2010","Septmber","7","CA",56.130366,-106.346771,43.7,-79.42,"07 September, 2010"
"486",2010-09-06,"United States","Bloomington","Indiana University Auditorium","2010","Septmber","6","US",37.09024,-95.712891,40.4757,-88.9703,"06 September, 2010"
"487",2010-09-03,"United States","Morrison","Red Rocks Amphitheatre","2010","Septmber","3","US",37.09024,-95.712891,39.6512702,-105.1972764,"03 September, 2010"
"488",2010-09-02,"United States","Salt Lake City","In The Venue","2010","Septmber","2","US",37.09024,-95.712891,40.7774,-111.93,"02 September, 2010"
"489",2010-08-29,"United States","Redmond","Marymoor Park","2010","August","29","US",37.09024,-95.712891,47.6762,-122.1169,"29 August, 2010"
"490",2010-08-28,"Canada","Vancouver","Malkin Bowl","2010","August","28","CA",56.130366,-106.346771,49.2734,-123.1216,"28 August, 2010"
"491",2010-08-27,"Canada","Vancouver","Malkin Bowl","2010","August","27","CA",56.130366,-106.346771,49.2734,-123.1216,"27 August, 2010"
"492",2010-08-20,"Belgium","Hasselt","Domein Kiewit","2010","August","20","BE",50.503887,4.469936,50.964,5.484,"20 August, 2010"
"493",2010-08-19,"Germany","Erlangen","E-Werk","2010","August","19","DE",51.165691,10.451526,49.5981187,11.003645,"19 August, 2010"
"494",2010-08-18,"Germany","Schorndorf","Manufaktur","2010","August","18","DE",51.165691,10.451526,48.8055169,9.5272665,"18 August, 2010"
"495",2010-08-17,"Austria","Graz","Kasematten","2010","August","17","AT",47.516231,14.550072,47.0778,15.41,"17 August, 2010"
"496",2010-08-16,"Germany","Frankfurt","Das Bett","2010","August","16","DE",51.165691,10.451526,50.1,8.675,"16 August, 2010"
"497",2010-08-14,"Finland","Helsinki","Suvilahti","2010","August","14","FI",61.92411,25.748151,60.1756,24.9341,"14 August, 2010"
"498",2010-08-13,"Sweden","Gothenburg","Slottsskogen","2010","August","13","SE",60.128161,18.643501,57.7089,11.9746,"13 August, 2010"
"499",2010-08-12,"Germany","Haldern","Alter Reitplatz","2010","August","12","DE",51.165691,10.451526,51.7749048,6.4592717,"12 August, 2010"
"500",2010-07-31,"Canada","Montreal","Parc Jean-Drapeau","2010","July","31","CA",56.130366,-106.346771,45.4972159,-73.561668,"31 July, 2010"
"501",2010-07-27,"United States","Brooklyn","Prospect Park","2010","July","27","US",37.09024,-95.712891,40.6501,-73.9496,"27 July, 2010"
"502",2010-07-22,"United States","Baltimore","Sonar","2010","July","22","US",37.09024,-95.712891,39.3051,-76.6144,"22 July, 2010"
"503",2010-07-18,"United States","Chicago","Union Park","2010","July","18","US",37.09024,-95.712891,41.8373,-87.6862,"18 July, 2010"
"504",2010-07-16,"Portugal","Sesimbra","Meco","2010","July","16","PT",39.399872,-8.224454,38.4960567,-9.119097388,"16 July, 2010"
"505",2010-07-14,"Italy","Rome","Circolo degli Artisti","2010","July","14","IT",41.87194,12.56738,41.896,12.4833,"14 July, 2010"
"506",2010-07-13,"Italy","Segrate","Circolo Magnolia","2010","July","13","IT",41.87194,12.56738,45.4907352,9.2948204,"13 July, 2010"
"507",2010-07-04,"Netherlands","Bloemendaal","Openluchttheater Caprera","2010","July","4","NL",52.132633,5.291266,52.4036594,4.6197687,"04 July, 2010"
"508",2010-07-03,"Denmark","Roskilde","Darupvej","2010","July","3","DK",56.26392,9.501785,55.65,12.0833,"03 July, 2010"
"509",2010-07-02,"Switzerland","Montreux","Miles Davis Hall","2010","July","2","CH",46.818188,8.227512,46.4310831,6.9129921,"02 July, 2010"
"510",2010-07-01,"Germany","Berlin","Lido","2010","July","1","DE",51.165691,10.451526,52.5218,13.4015,"01 July, 2010"
"511",2010-06-29,"Norway","Arendal","Tromøya","2010","June","29","NO",60.472024,8.468946,58.4648,8.766,"29 June, 2010"
"512",2010-06-27,"United Kingdom","London","Hyde Park","2010","June","27","GB",55.378051,-3.435973,51.5,-0.1167,"27 June, 2010"
"513",2010-06-26,"United Kingdom","Pilton","Worthy Farm","2010","June","26","GB",55.378051,-3.435973,51.1657413,-2.5864648,"26 June, 2010"
"514",2010-06-20,"United States","Buffalo","Town Ballroom","2010","June","20","US",37.09024,-95.712891,42.9017,-78.8487,"20 June, 2010"
"515",2010-06-17,"United States","Cleveland","Beachland Ballroom and Tavern","2010","June","17","US",37.09024,-95.712891,41.4767,-81.6805,"17 June, 2010"
"516",2010-06-16,"United States","Pittsburgh","Diesel Club Lounge","2010","June","16","US",37.09024,-95.712891,40.4396,-79.9763,"16 June, 2010"
"517",2010-06-03,"France","Paris","Le Trabendo","2010","June","3","FR",46.227638,2.213749,48.8667,2.3333,"03 June, 2010"
"518",2010-06-01,"United Kingdom","London","Heaven","2010","June","1","GB",55.378051,-3.435973,51.5,-0.1167,"01 June, 2010"
"519",2010-05-28,"Spain","Barcelona","Parc del Fòrum","2010","May","28","ES",40.463667,-3.74922,41.3833,2.1834,"28 May, 2010"
"520",2010-05-26,"Netherlands","Amsterdam","Paradiso Grote Zaal","2010","May","26","NL",52.132633,5.291266,52.35,4.9166,"26 May, 2010"
"521",2010-05-13,"Mexico","Mexico City","Lunario del Auditorio Nacional","2010","May","13","MX",23.634501,-102.552784,19.4424,-99.131,"13 May, 2010"
"522",2010-05-08,"United States","Baltimore","2640 Space","2010","May","8","US",37.09024,-95.712891,39.3051,-76.6144,"08 May, 2010"
"523",2010-05-07,"United States","Philadelphia","First Unitarian Church","2010","May","7","US",37.09024,-95.712891,40.0077,-75.1339,"07 May, 2010"
"524",2010-05-06,"United States","New York","Webster Hall","2010","May","6","US",37.09024,-95.712891,40.6943,-73.9249,"06 May, 2010"
"525",2010-05-01,"United States","Carrboro","Cat's Cradle","2010","May","1","US",37.09024,-95.712891,35.9259,-79.0877,"01 May, 2010"
"526",2010-04-30,"United States","Asheville","The Grey Eagle","2010","April","30","US",37.09024,-95.712891,35.5704,-82.5537,"30 April, 2010"
"527",2010-04-29,"United States","Atlanta","The Earl","2010","April","29","US",37.09024,-95.712891,33.7627,-84.4225,"29 April, 2010"
"528",2010-04-28,"United States","Nashville","Mercy Lounge","2010","April","28","US",37.09024,-95.712891,36.1715,-86.7843,"28 April, 2010"
"529",2010-04-24,"United States","Baton Rouge","Spanish Moon","2010","April","24","US",37.09024,-95.712891,30.4419,-91.131,"24 April, 2010"
"530",2010-04-23,"United States","Houston","Walter's On Washington","2010","April","23","US",37.09024,-95.712891,29.7869,-95.3905,"23 April, 2010"
"531",2010-04-21,"United States","Dallas","Granada Theater","2010","April","21","US",37.09024,-95.712891,32.7936,-96.7662,"21 April, 2010"
"532",2010-04-19,"United States","Tempe","The Clubhouse","2010","April","19","US",37.09024,-95.712891,33.3881,-111.9318,"19 April, 2010"
"533",2010-04-17,"United States","Indio","Empire Polo Club","2010","April","17","US",37.09024,-95.712891,33.7346,-116.2346,"17 April, 2010"
"534",2010-04-16,"United States","Santa Barbara","SoHo Restaurant and Music Club","2010","April","16","US",37.09024,-95.712891,34.4285,-119.7202,"16 April, 2010"
"535",2010-04-15,"United States","San Luis Obispo","Downtown Brewing Co.","2010","April","15","US",37.09024,-95.712891,35.267,-120.6689,"15 April, 2010"
"536",2010-04-14,"United States","San Francisco","Bimbo's 365 Club","2010","April","14","US",37.09024,-95.712891,37.7562,-122.443,"14 April, 2010"
"537",2010-04-12,"United States","Seattle","Neumos","2010","April","12","US",37.09024,-95.712891,47.6211,-122.3244,"12 April, 2010"
"538",2010-04-10,"United States","Portland","Doug Fir Lounge","2010","April","10","US",37.09024,-95.712891,45.5371,-122.65,"10 April, 2010"
"539",2010-04-09,"United States","Boise","Neurolux","2010","April","9","US",37.09024,-95.712891,43.6007,-116.2312,"09 April, 2010"
"540",2010-04-07,"United States","Denver","Bluebird Theater","2010","April","7","US",37.09024,-95.712891,39.7621,-104.8759,"07 April, 2010"
"541",2010-04-06,"United States","Lawrence","Granada Theater","2010","April","6","US",37.09024,-95.712891,42.7003,-71.1626,"06 April, 2010"
"542",2010-04-05,"United States","Omaha","The Waiting Room Lounge","2010","April","5","US",37.09024,-95.712891,41.2628,-96.0498,"05 April, 2010"
"543",2010-04-04,"United States","Minneapolis","The Cedar Cultural Center","2010","April","4","US",37.09024,-95.712891,44.9635,-93.2678,"04 April, 2010"
"544",2010-04-03,"United States","Milwaukee","Pabst Theater","2010","April","3","US",37.09024,-95.712891,43.0642,-87.9673,"03 April, 2010"
"545",2010-04-02,"United States","Chicago","Metro","2010","April","2","US",37.09024,-95.712891,41.8373,-87.6862,"02 April, 2010"
"546",2010-03-30,"Canada","Toronto","The Opera House","2010","March","30","CA",56.130366,-106.346771,43.7,-79.42,"30 March, 2010"
"547",2010-03-29,"Canada","Montreal","La Sala Rossa","2010","March","29","CA",56.130366,-106.346771,45.4972159,-73.561668,"29 March, 2010"
"548",2010-03-28,"United States","Boston","Paradise Rock Club","2010","March","28","US",37.09024,-95.712891,42.3188,-71.0846,"28 March, 2010"
"549",2010-03-27,"United States","Middletown","Wesleyan University","2010","March","27","US",37.09024,-95.712891,41.4458,-74.4228,"27 March, 2010"
"550",2010-03-26,"United States","Washington","Black Cat","2010","March","26","US",37.09024,-95.712891,38.9047,-77.0163,"26 March, 2010"
"551",2010-03-18,"Portugal","Guimarães","Centro Cultural Vila Flor","2010","March","18","PT",39.399872,-8.224454,41.4417677,-8.2955712,"18 March, 2010"
"552",2010-03-17,"Portugal","Lisbon","Lux","2010","March","17","PT",39.399872,-8.224454,38.7227,-9.1449,"17 March, 2010"
"553",2010-03-14,"United Kingdom","London","Roundhouse","2010","March","14","GB",55.378051,-3.435973,51.5,-0.1167,"14 March, 2010"
"554",2010-03-13,"United Kingdom","London","Roundhouse","2010","March","13","GB",55.378051,-3.435973,51.5,-0.1167,"13 March, 2010"
"555",2010-03-12,"United Kingdom","Coventry","Warwick Arts Centre","2010","March","12","GB",55.378051,-3.435973,52.4204,-1.5,"12 March, 2010"
"556",2010-03-11,"United Kingdom","Brighton","Corn Exchange","2010","March","11","GB",55.378051,-3.435973,50.8303,-0.17,"11 March, 2010"
"557",2010-03-06,"Switzerland","Zurich","abart","2010","March","6","CH",46.818188,8.227512,47.3723941,8.5423328,"06 March, 2010"
"558",2010-03-05,"Germany","Munich","Feierwerk","2010","March","5","DE",51.165691,10.451526,48.1299,11.575,"05 March, 2010"
"559",2010-03-03,"Germany","Hamburg","Molotow","2010","March","3","DE",51.165691,10.451526,53.55,10,"03 March, 2010"
"560",2010-03-02,"Sweden","Gothenburg","Pustervik","2010","March","2","SE",60.128161,18.643501,57.7089,11.9746,"02 March, 2010"
"561",2010-02-28,"Norway","Oslo","Parkteatret","2010","February","28","NO",60.472024,8.468946,59.9167,10.75,"28 February, 2010"
"562",2010-02-27,"Sweden","Stockholm","Debaser Slussen","2010","February","27","SE",60.128161,18.643501,59.3508,18.0973,"27 February, 2010"
"563",2010-02-26,"Denmark","Copenhagen","Loppen","2010","February","26","DK",56.26392,9.501785,55.6786,12.5635,"26 February, 2010"
"564",2010-02-25,"Germany","Berlin","Roter Salon","2010","February","25","DE",51.165691,10.451526,52.5218,13.4015,"25 February, 2010"
"565",2010-02-24,"Netherlands","Groningen","Vera","2010","February","24","NL",52.132633,5.291266,53.2204,6.58,"24 February, 2010"
"566",2010-02-23,"Netherlands","Amsterdam","Paradiso Kleine Zaal","2010","February","23","NL",52.132633,5.291266,52.35,4.9166,"23 February, 2010"
"567",2010-02-22,"Belgium","Sint-Joost-ten-Noode / Saint-Josse-ten-Noode","La Rotonde","2010","February","22","BE",50.503887,4.469936,50.8508197,4.3691634,"22 February, 2010"
"568",2010-02-21,"Belgium","Ghent","Vooruit Balzaal","2010","February","21","BE",50.503887,4.469936,51.0538286,3.7250121,"21 February, 2010"
"569",2010-02-20,"France","Paris","La Maroquinerie","2010","February","20","FR",46.227638,2.213749,48.8667,2.3333,"20 February, 2010"
"570",2010-02-19,"France","Saint-Malo","L'Omnibus","2010","February","19","FR",46.227638,2.213749,48.6454528,-2.015418,"19 February, 2010"
"571",2010-02-17,"United Kingdom","London","Bush Hall","2010","February","17","GB",55.378051,-3.435973,51.5,-0.1167,"17 February, 2010"
"572",2010-02-16,"Wales","Cardiff","Cardiff Arts Institute","2010","February","16","WAL",51.481583,-3.17909,51.4816546,-3.1791934,"16 February, 2010"
"573",2010-02-14,"Northern Ireland","Belfast","The Speakeasy","2010","February","14","NIR",54.607868,-5.926437,54.5964411,-5.9302761,"14 February, 2010"
"574",2010-02-13,"Ireland","Dublin","Whelan's","2010","February","13","IE",53.41291,-8.24389,53.3331,-6.2489,"13 February, 2010"
"575",2010-02-12,"United Kingdom","Leeds","Brudenell Social Club","2010","February","12","GB",55.378051,-3.435973,53.83,-1.58,"12 February, 2010"
"576",2010-02-11,"United Kingdom","Salford","Islington Mill","2010","February","11","GB",55.378051,-3.435973,53.4833,-2.2667,"11 February, 2010"
"577",2010-02-10,"Scotland","Glasgow","King Tut's Wah Wah Hut","2010","February","10","SCT",56.4906712,-4.2026458,55.8611443,-4.2501693,"10 February, 2010"
"578",2010-01-26,"United States","Brooklyn","The Bell House","2010","January","26","US",37.09024,-95.712891,40.6501,-73.9496,"26 January, 2010"
"579",2010-01-24,"United States","Park City","","2010","January","24","US",37.09024,-95.712891,42.3522,-87.8915,"24 January, 2010"
"580",2009-12-12,"Spain","Madrid","Neu! Club","2009","December","12","ES",40.463667,-3.74922,40.4,-3.6834,"12 December, 2009"
"581",2009-12-10,"Spain","Barcelona","Sidecar","2009","December","10","ES",40.463667,-3.74922,41.3833,2.1834,"10 December, 2009"
"582",2009-12-09,"United Kingdom","London","Fleapit","2009","December","9","GB",55.378051,-3.435973,51.5,-0.1167,"09 December, 2009"
"583",2009-10-20,"United States","Los Angeles","Hollywood Palladium","2009","October","20","US",37.09024,-95.712891,34.1139,-118.4068,"20 October, 2009"
"584",2009-10-19,"United States","San Francisco","Bottom of the Hill","2009","October","19","US",37.09024,-95.712891,37.7562,-122.443,"19 October, 2009"
"585",2009-10-09,"United States","Poughkeepsie","Vassar College Chapel","2009","October","9","US",37.09024,-95.712891,41.6949,-73.921,"09 October, 2009"
"586",2009-10-08,"United States","Boston","Orpheum Theatre","2009","October","8","US",37.09024,-95.712891,42.3188,-71.0846,"08 October, 2009"
"587",2009-10-01,"United States","Columbia","The Blue Note","2009","October","1","US",37.09024,-95.712891,34.0376,-80.9037,"01 October, 2009"
"588",2009-09-26,"United States","Ann Arbor","Michigan Theater","2009","Septmber","26","US",37.09024,-95.712891,42.2755,-83.7312,"26 September, 2009"
"589",2009-09-24,"Canada","Victoria","Sugar Nightclub","2009","Septmber","24","CA",56.130366,-106.346771,48.4333,-123.35,"24 September, 2009"
"590",2009-08-30,"United States","Brooklyn","Williamsburg Waterfront","2009","August","30","US",37.09024,-95.712891,40.6501,-73.9496,"30 August, 2009"
"591",2009-08-22,"Wales","Crickhowell","Glanusk Park","2009","August","22","WAL",51.481583,-3.17909,51.859112,-3.138355,"22 August, 2009"
"592",2009-08-21,"United Kingdom","London","Union Chapel","2009","August","21","GB",55.378051,-3.435973,51.5,-0.1167,"21 August, 2009"
"593",2009-08-19,"France","Paris","Nouveau Casino","2009","August","19","FR",46.227638,2.213749,48.8667,2.3333,"19 August, 2009"
"594",2009-08-18,"Netherlands","Amsterdam","Paradiso Kleine Zaal","2009","August","18","NL",52.132633,5.291266,52.35,4.9166,"18 August, 2009"
"595",2009-08-14,"Norway","Oslo","Middelalderparken","2009","August","14","NO",60.472024,8.468946,59.9167,10.75,"14 August, 2009"
"596",2009-08-07,"United States","Baltimore","Metro Gallery","2009","August","7","US",37.09024,-95.712891,39.3051,-76.6144,"07 August, 2009"
"597",2009-04-16,"United States","New York","Webster Hall","2009","April","16","US",37.09024,-95.712891,40.6943,-73.9249,"16 April, 2009"
"598",2009-03-11,"United States","Baltimore","Sonar","2009","March","11","US",37.09024,-95.712891,39.3051,-76.6144,"11 March, 2009"
"599",2009-01-21,"United States","San Francisco","The Fillmore","2009","January","21","US",37.09024,-95.712891,37.7562,-122.443,"21 January, 2009"
"600",2008-12-18,"United States","Baltimore","Sonar","2008","December","18","US",37.09024,-95.712891,39.3051,-76.6144,"18 December, 2008"
"601",2008-12-13,"United States","Haverford","Lunt Basement","2008","December","13","US",37.09024,-95.712891,40.01162125,-75.30620121,"13 December, 2008"
"602",2008-12-12,"United States","Boston","Museum of Fine Arts","2008","December","12","US",37.09024,-95.712891,42.3188,-71.0846,"12 December, 2008"
"603",2008-12-11,"United States","Northampton","Iron Horse Music Hall","2008","December","11","US",37.09024,-95.712891,42.3266,-72.6745,"11 December, 2008"
"604",2008-12-10,"United States","Providence","Club Hell","2008","December","10","US",37.09024,-95.712891,41.823,-71.4187,"10 December, 2008"
"605",2008-12-09,"United States","Brooklyn","Music Hall of Williamsburg","2008","December","9","US",37.09024,-95.712891,40.6501,-73.9496,"09 December, 2008"
"606",2008-12-02,"United Kingdom","London","Cargo","2008","December","2","GB",55.378051,-3.435973,51.5,-0.1167,"02 December, 2008"
"607",2008-12-01,"Denmark","Copenhagen","Lille Vega","2008","December","1","DK",56.26392,9.501785,55.6786,12.5635,"01 December, 2008"
"608",2008-11-30,"Finland","Helsinki","Tavastia","2008","November","30","FI",61.92411,25.748151,60.1756,24.9341,"30 November, 2008"
"609",2008-11-29,"Sweden","Malmö","Kulturbolaget","2008","November","29","SE",60.128161,18.643501,55.6052931,13.0001566,"29 November, 2008"
"610",2008-11-27,"Ireland","Dublin","Whelan's","2008","November","27","IE",53.41291,-8.24389,53.3331,-6.2489,"27 November, 2008"
"611",2008-11-26,"Italy","Milan","La Casa 139","2008","November","26","IT",41.87194,12.56738,45.47,9.205,"26 November, 2008"
"612",2008-11-25,"Italy","Rome","Circolo degli Artisti","2008","November","25","IT",41.87194,12.56738,41.896,12.4833,"25 November, 2008"
"613",2008-11-22,"Italy","Bologna","Covo Club","2008","November","22","IT",41.87194,12.56738,44.5004,11.34,"22 November, 2008"
"614",2008-11-21,"Switzerland","Lausanne","Le Romandie","2008","November","21","CH",46.818188,8.227512,46.5304,6.65,"21 November, 2008"
"615",2008-11-16,"Portugal","Lisbon","Maxime","2008","November","16","PT",39.399872,-8.224454,38.7227,-9.1449,"16 November, 2008"
"616",2008-11-14,"Spain","Madrid","Moby Dick","2008","November","14","ES",40.463667,-3.74922,40.4,-3.6834,"14 November, 2008"
"617",2008-11-12,"Spain","Barcelona","La [2] de Apolo","2008","November","12","ES",40.463667,-3.74922,41.3833,2.1834,"12 November, 2008"
"618",2008-10-22,"United States","New York","Le Poisson Rouge","2008","October","22","US",37.09024,-95.712891,40.6943,-73.9249,"22 October, 2008"
"619",2008-10-17,"United States","New York","Le Poisson Rouge","2008","October","17","US",37.09024,-95.712891,40.6943,-73.9249,"17 October, 2008"
"620",2008-10-15,"United States","Philadelphia","Club Polaris AKA Starlight Ballroom","2008","October","15","US",37.09024,-95.712891,40.0077,-75.1339,"15 October, 2008"
"621",2008-10-10,"United States","Chicago","Epiphany","2008","October","10","US",37.09024,-95.712891,41.8373,-87.6862,"10 October, 2008"
"622",2008-10-08,"United States","Detroit","Museum of Contemporary Art Detroit (MOCAD)","2008","October","8","US",37.09024,-95.712891,42.3834,-83.1024,"08 October, 2008"
"623",2008-10-04,"Canada","Montreal","Eastern Bloc","2008","October","4","CA",56.130366,-106.346771,45.4972159,-73.561668,"04 October, 2008"
"624",2008-09-30,"United States","Los Angeles","Spaceland","2008","Septmber","30","US",37.09024,-95.712891,34.1139,-118.4068,"30 September, 2008"
"625",2008-09-28,"United States","San Francisco","Café du Nord","2008","Septmber","28","US",37.09024,-95.712891,37.7562,-122.443,"28 September, 2008"
"626",2008-09-27,"United States","Big Sur","Fernwood Campground and Resort","2008","Septmber","27","US",37.09024,-95.712891,36.7014631,-118.7559974,"27 September, 2008"
"627",2008-08-30,"New Zealand","Auckland","Kings Arms","2008","August","30","NZ",-40.900557,174.885971,-36.8481,174.763,"30 August, 2008"
"628",2008-08-29,"New Zealand","Wellington","Bodega","2008","August","29","NZ",-40.900557,174.885971,-41.3,174.7833,"29 August, 2008"
"629",2008-08-27,"Australia","Melbourne","The Toff in Town","2008","August","27","AU",-25.274398,133.775136,-37.82,144.975,"27 August, 2008"
"630",2008-08-24,"Australia","Fremantle","Mojo's Bar","2008","August","24","AU",-25.274398,133.775136,-33.2733333,149.3344444,"24 August, 2008"
"631",2008-08-23,"Australia","Brisbane","The Troubadour","2008","August","23","AU",-25.274398,133.775136,-27.455,153.0351,"23 August, 2008"
"632",2008-08-22,"Australia","Melbourne","Roxanne Parlour","2008","August","22","AU",-25.274398,133.775136,-37.82,144.975,"22 August, 2008"
"633",2008-08-21,"Australia","Sydney","The Hopetoun Hotel","2008","August","21","AU",-25.274398,133.775136,-33.92,151.1852,"21 August, 2008"
"634",2008-08-20,"Australia","Sydney","The Hopetoun Hotel","2008","August","20","AU",-25.274398,133.775136,-33.92,151.1852,"20 August, 2008"
"635",2008-08-13,"United States","Asheville","The Grey Eagle","2008","August","13","US",37.09024,-95.712891,35.5704,-82.5537,"13 August, 2008"
"636",2008-08-12,"United States","Greensboro","Square One","2008","August","12","US",37.09024,-95.712891,36.0956,-79.8268,"12 August, 2008"
"637",2008-08-10,"United States","Baltimore","Creative Alliance","2008","August","10","US",37.09024,-95.712891,39.3051,-76.6144,"10 August, 2008"
"638",2008-08-09,"United States","Philadelphia","Johnny Brenda's","2008","August","9","US",37.09024,-95.712891,40.0077,-75.1339,"09 August, 2008"
"639",2008-07-19,"United States","Brooklyn","Coney Island","2008","July","19","US",37.09024,-95.712891,40.6501,-73.9496,"19 July, 2008"
"640",2008-07-18,"United States","Baltimore","2640 Space","2008","July","18","US",37.09024,-95.712891,39.3051,-76.6144,"18 July, 2008"
"641",2008-06-15,"United Kingdom","Leeds","Brudenell Social Club","2008","June","15","GB",55.378051,-3.435973,53.83,-1.58,"15 June, 2008"
"642",2008-06-08,"United Kingdom","London","Hammersmith Apollo","2008","June","8","GB",55.378051,-3.435973,51.5,-0.1167,"08 June, 2008"
"643",2008-06-06,"Netherlands","Utrecht","Ekko","2008","June","6","NL",52.132633,5.291266,52.1003,5.12,"06 June, 2008"
"644",2008-06-02,"France","Paris","La Flèche d'Or","2008","June","2","FR",46.227638,2.213749,48.8667,2.3333,"02 June, 2008"
"645",2008-05-27,"Norway","Oslo","John Dee","2008","May","27","NO",60.472024,8.468946,59.9167,10.75,"27 May, 2008"
"646",2008-04-18,"United States","Pittsburgh","Garfield Artworks","2008","April","18","US",37.09024,-95.712891,40.4396,-79.9763,"18 April, 2008"
"647",2008-04-04,"United States","Washington","Rock and Roll Hotel","2008","April","4","US",37.09024,-95.712891,38.9047,-77.0163,"04 April, 2008"
"648",2008-03-31,"United States","Cambridge","The Middle East Downstairs","2008","March","31","US",37.09024,-95.712891,42.3759,-71.1185,"31 March, 2008"
"649",2008-03-28,"Canada","Toronto","El Mocambo","2008","March","28","CA",56.130366,-106.346771,43.7,-79.42,"28 March, 2008"
"650",2008-03-27,"United States","Cleveland Heights","Grog Shop","2008","March","27","US",37.09024,-95.712891,41.5112,-81.5636,"27 March, 2008"
"651",2008-03-22,"United States","Denver","Hi-Dive","2008","March","22","US",37.09024,-95.712891,39.7621,-104.8759,"22 March, 2008"
"652",2008-03-21,"United States","Salt Lake City","Kilby Court","2008","March","21","US",37.09024,-95.712891,40.7774,-111.93,"21 March, 2008"
"653",2008-03-15,"United States","San Francisco","Bottom of the Hill","2008","March","15","US",37.09024,-95.712891,37.7562,-122.443,"15 March, 2008"
"654",2008-03-08,"United States","Denton","Hailey's Club","2008","March","8","US",37.09024,-95.712891,33.2176,-97.1419,"08 March, 2008"
"655",2008-02-29,"United States","Chapel Hill","Local 506","2008","February","29","US",37.09024,-95.712891,35.927,-79.0391,"29 February, 2008"
"656",2007-11-16,"United Kingdom","London","Monto Water Rats","2007","November","16","GB",55.378051,-3.435973,51.5,-0.1167,"16 November, 2007"
"657",2007-11-09,"Belgium","Sint-Joost-ten-Noode / Saint-Josse-ten-Noode","L’Orangerie du Botanique","2007","November","9","BE",50.503887,4.469936,50.8508197,4.3691634,"09 November, 2007"
"658",2007-10-10,"United States","Chicago","Park West","2007","October","10","US",37.09024,-95.712891,41.8373,-87.6862,"10 October, 2007"
"659",2007-08-25,"United States","New York","Mercury Lounge","2007","August","25","US",37.09024,-95.712891,40.6943,-73.9249,"25 August, 2007"
"660",2007-08-07,"United States","Philadelphia","The Fillmore at the TLA","2007","August","7","US",37.09024,-95.712891,40.0077,-75.1339,"07 August, 2007"
"661",2007-07-20,"United States","Baltimore","Floristree","2007","July","20","US",37.09024,-95.712891,39.3051,-76.6144,"20 July, 2007"
"662",2007-07-14,"United States","Chicago","Union Park","2007","July","14","US",37.09024,-95.712891,41.8373,-87.6862,"14 July, 2007"
"663",2007-06-08,"United States","New York","Bowery Ballroom","2007","June","8","US",37.09024,-95.712891,40.6943,-73.9249,"08 June, 2007"
"664",2007-05-26,"United States","San Francisco","Great American Music Hall","2007","May","26","US",37.09024,-95.712891,37.7562,-122.443,"26 May, 2007"
"665",2007-05-22,"United States","San Diego","The Casbah","2007","May","22","US",37.09024,-95.712891,32.8312,-117.1225,"22 May, 2007"
"666",2007-03-10,"United States","Columbia","Art Bar","2007","March","10","US",37.09024,-95.712891,34.0376,-80.9037,"10 March, 2007"
"667",2007-03-04,"United States","Washington","Black Cat","2007","March","4","US",37.09024,-95.712891,38.9047,-77.0163,"04 March, 2007"
"668",2006-11-07,"United States","St. Paul","Big V's Saloon","2006","November","7","US",37.09024,-95.712891,44.9477,-93.104,"07 November, 2006"
