"","Date","Country","City","Venue","Year","Month","Day"
"1",2019-06-10,"United States","Brooklyn","Brooklyn Steel","2019","June","10"
"2",2019-06-09,"United States","Brooklyn","Brooklyn Steel","2019","June","9"
"3",2019-05-26,"United Kingdom","London","Victoria Park","2019","May","26"
"4",2019-05-24,"Spain","Madrid","Auditorio Enrique Tierno Galván","2019","May","24"
"5",2019-05-09,"United States","Seattle","The Moore Theatre","2019","May","9"
"6",2019-05-08,"United States","Seattle","The Moore Theatre","2019","May","8"
"7",2019-05-04,"United States","Long Beach","Harry Bridges Memorial Park","2019","May","4"
"8",2019-05-03,"United States","Long Beach","Harry Bridges Memorial Park","2019","May","3"
"9",2019-04-30,"United States","San Luis Obispo","Alex Madonna Expo Center","2019","April","30"
"10",2019-03-11,"New Zealand","Auckland","Auckland Town Hall","2019","March","11"
"11",2019-03-09,"Australia","Meredith","Meredith Supernatural Amphitheatre","2019","March","9"
"12",2019-03-08,"Australia","Melbourne","Forum Theatre","2019","March","8"
"13",2019-03-06,"Australia","Adelaide","Maths Lawns at RCC","2019","March","6"
"14",2019-03-04,"Australia","Sydney","Enmore Theatre","2019","March","4"
"15",2019-03-02,"Australia","Wollongong","MacCabe Park","2019","March","2"
"16",2019-02-28,"Australia","Perth","Chevron Festival Gardens","2019","February","28"
"17",2019-02-26,"Australia","Brisbane","The Tivoli","2019","February","26"
"18",2019-02-15,"United States","Miami","Mana Wynwood Convention Center","2019","February","15"
"19",2019-02-13,"United States","Birmingham","Iron City","2019","February","13"
"20",2018-11-02,"Italy","Turin","Lingotto Fiere","2018","November","2"
"21",2018-10-20,"Ireland","Dublin","Vicar Street","2018","October","20"
"22",2018-10-19,"United Kingdom","Manchester","Albert Hall","2018","October","19"
"23",2018-10-18,"United Kingdom","London","Troxy","2018","October","18"
"24",2018-10-17,"United Kingdom","London","Troxy","2018","October","17"
"25",2018-10-15,"France","Paris","L'Olympia Bruno Coquatrix","2018","October","15"
"26",2018-10-13,"Belgium","Brussels","Ancienne Belgique","2018","October","13"
"27",2018-10-12,"Netherlands","Utrecht","TivoliVredenburg Ronda","2018","October","12"
"28",2018-10-11,"Germany","Hamburg","Kampnagel","2018","October","11"
"29",2018-10-09,"Denmark","Freetown Christiania","Den Grå Hal","2018","October","9"
"30",2018-10-08,"Sweden","Stockholm","Münchenbryggeriet","2018","October","8"
"31",2018-10-07,"Norway","Oslo","Rockefeller Music Hall","2018","October","7"
"32",2018-10-05,"Sweden","Gothenburg","Trädgår'n","2018","October","5"
"33",2018-10-04,"Sweden","Lund","Mejeriet","2018","October","4"
"34",2018-10-02,"Germany","Berlin","Huxley's Neue Welt","2018","October","2"
"35",2018-10-01,"Germany","Cologne","Gloria Theater","2018","October","1"
"36",2018-09-30,"France","Feyzin","L’Épicerie Moderne","2018","Septmber","30"
"37",2018-09-28,"Spain","Barcelona","Razzmatazz","2018","Septmber","28"
"38",2018-09-27,"Spain","Madrid","La Riviera","2018","Septmber","27"
"39",2018-09-26,"Portugal","Oporto","Teatro Sá da Bandeira","2018","Septmber","26"
"40",2018-09-25,"Portugal","Lisbon","Coliseu dos Recreios","2018","Septmber","25"
"41",2018-08-25,"United States","Washington","The Anthem","2018","August","25"
"42",2018-08-24,"United States","Boston","House of Blues","2018","August","24"
"43",2018-08-23,"United States","Brooklyn","Kings Theatre","2018","August","23"
"44",2018-08-22,"United States","New York","United Palace Theatre","2018","August","22"
"45",2018-08-20,"Canada","Toronto","Sony Centre for the Performing Arts","2018","August","20"
"46",2018-08-19,"United States","Royal Oak","Royal Oak Music Theatre","2018","August","19"
"47",2018-08-18,"United States","Chicago","The Chicago Theatre","2018","August","18"
"48",2018-08-17,"United States","St. Paul","Palace Theatre","2018","August","17"
"49",2018-08-15,"United States","Denver","Ogden Theatre","2018","August","15"
"50",2018-08-14,"United States","Salt Lake City","The Depot","2018","August","14"
"51",2018-08-12,"Canada","Vancouver","Orpheum Theatre","2018","August","12"
"52",2018-08-11,"United States","Seattle","Alki Beach","2018","August","11"
"53",2018-08-10,"United States","Portland","Keller Auditorium","2018","August","10"
"54",2018-08-08,"United States","Oakland","Fox Theater","2018","August","8"
"55",2018-08-07,"United States","Oakland","Fox Theater","2018","August","7"
"56",2018-08-05,"United States","San Diego","The Observatory North Park","2018","August","5"
"57",2018-08-04,"United States","Los Angeles","Hollywood Forever Cemetery","2018","August","4"
"58",2018-08-03,"United States","Los Angeles","Hollywood Forever Cemetery","2018","August","3"
"59",2018-08-02,"United States","Tucson","Rialto Theatre","2018","August","2"
"60",2018-07-31,"United States","Austin","ACL Live at The Moody Theater","2018","July","31"
"61",2018-07-30,"United States","Dallas","Bomb Factory","2018","July","30"
"62",2018-07-28,"United States","Atlanta","Buckhead Theatre","2018","July","28"
"63",2018-07-27,"United States","Raleigh","The Ritz","2018","July","27"
"64",2018-07-26,"United States","Upper Darby","Tower Theatre","2018","July","26"
"65",2018-07-24,"United States","New Haven","College Street Music Hall","2018","July","24"
"66",2018-06-02,"Spain","Barcelona","Parc del Fòrum","2018","June","2"
"67",2018-05-16,"United States","Los Angeles","Jimmy Kimmel Live","2018","May","16"
"68",2018-05-15,"United States","Santa Monica","KCRW Studios","2018","May","15"
"69",2018-05-13,"United States","Arcosanti","Arcosanti","2018","May","13"
"70",2018-05-11,"Mexico","Mexico City","Auditorio BlackBerry","2018","May","11"
"71",2018-05-08,"United States","El Paso","Tricky Falls","2018","May","8"
"72",2018-05-07,"United States","Albuquerque","Sunshine Theater","2018","May","7"
"73",2018-05-05,"United States","Tulsa","Cain's Ballroom","2018","May","5"
"74",2018-05-04,"United States","Oxford","The Lyric Theatre","2018","May","4"
"75",2018-05-02,"United States","Little Rock","Metroplex Event Center","2018","May","2"
"76",2018-05-01,"United States","New Orleans","Civic Theatre","2018","May","1"
"77",2018-04-30,"United States","Chattanooga","The Signal","2018","April","30"
"78",2017-09-27,"United States","Morrison","Red Rocks Amphitheatre","2017","Septmber","27"
"79",2017-09-25,"United States","Santa Fe","The Santa Fe Opera","2017","Septmber","25"
"80",2017-09-24,"United States","Phoenix","Comerica Theatre","2017","Septmber","24"
"81",2017-09-23,"United States","Los Angeles","Hollywood Bowl","2017","Septmber","23"
"82",2017-09-22,"United States","Santa Ana","The Observatory","2017","Septmber","22"
"83",2017-08-18,"Portugal","Paredes de Coura","Praia Fluvial do Taboão","2017","August","18"
"84",2017-08-16,"Italy","Sestri Levante","Ex Convento dell'Annunziata","2017","August","16"
"85",2017-08-13,"Italy","Castelbuono","Piazza Castello","2017","August","13"
"86",2017-08-11,"Denmark","Copenhagen","Refshalevej","2017","August","11"
"87",2017-08-10,"Germany","Hamburg","Kampnagel","2017","August","10"
"88",2017-06-02,"United States","Randalls Island","Randall's Island Park","2017","June","2"
"89",2017-05-31,"United States","Knoxville","The Mill & Mine","2017","May","31"
"90",2017-05-30,"United States","Athens","Georgia Theatre","2017","May","30"
"91",2017-05-28,"United States","Ponte Vedra Beach","Ponte Vedra Concert Hall","2017","May","28"
"92",2017-05-27,"United States","Fort Lauderdale","Revolution Live","2017","May","27"
"93",2017-05-26,"United States","Orlando","The Beacham","2017","May","26"
"94",2017-05-24,"United States","Charlotte","Neighborhood Theatre","2017","May","24"
"95",2017-03-30,"United States","Lancaster","The Chameleon Club","2017","March","30"
"96",2017-03-29,"United States","Wilmington","World Cafe Live at the Queen","2017","March","29"
"97",2016-11-05,"United States","McDade","Sherwood Forest Faire","2016","November","5"
"98",2016-11-03,"United States","Brooklyn","Kings Theatre","2016","November","3"
"99",2016-11-02,"United States","Charlottesville","The Jefferson Theater","2016","November","2"
"100",2016-09-09,"United States","Raleigh","City Plaza","2016","Septmber","9"
"101",2016-08-28,"United States","Los Angeles","LA Sports Arena & Exposition Park","2016","August","28"
"102",2016-08-26,"United States","Los Angeles","The Theatre at Ace Hotel","2016","August","26"
"103",2016-08-24,"United States","Las Vegas","House of Blues","2016","August","24"
"104",2016-08-22,"United States","Denver","Ogden Theatre","2016","August","22"
"105",2016-08-20,"United States","Kansas City","Uptown Theater","2016","August","20"
"106",2016-08-19,"United States","Columbia","The Blue Note","2016","August","19"
"107",2016-08-17,"United States","Louisville","Headliners","2016","August","17"
"108",2016-08-16,"United States","Indianapolis","Deluxe at Old National Centre","2016","August","16"
"109",2016-08-14,"United States","Iowa City","Englert Theatre","2016","August","14"
"110",2016-08-13,"United States","Eau Claire","Foster Farms","2016","August","13"
"111",2016-08-12,"United States","Sioux Falls","The District","2016","August","12"
"112",2016-08-10,"United States","Missoula","Wilma Theatre","2016","August","10"
"113",2016-08-09,"United States","Spokane","Knitting Factory","2016","August","9"
"114",2016-08-08,"United States","Boise","Knitting Factory","2016","August","8"
"115",2016-08-07,"United States","Portland","Pendarvis Farm","2016","August","7"
"116",2016-08-05,"United States","San Francisco","Golden Gate Park","2016","August","5"
"117",2016-07-15,"United States","Chicago","Union Park","2016","July","15"
"118",2016-07-12,"United States","Washington","9:30 Club","2016","July","12"
"119",2016-07-11,"United States","Washington","9:30 Club","2016","July","11"
"120",2016-06-18,"Denmark","Aarhus","Ådalen","2016","June","18"
"121",2016-06-17,"Netherlands","Hilvarenbeek","Beekse Bergen","2016","June","17"
"122",2016-06-14,"France","Paris","Casino de Paris","2016","June","14"
"123",2016-06-13,"United Kingdom","Hove","All Saints Hove","2016","June","13"
"124",2016-06-12,"United Kingdom","London","Victoria Park","2016","June","12"
"125",2016-06-10,"Portugal","Oporto","Parque da Cidade","2016","June","10"
"126",2016-06-07,"France","Ramonville-Saint-Agne","Le Bikini","2016","June","7"
"127",2016-06-06,"France","Nantes","Stereolux","2016","June","6"
"128",2016-06-05,"France","Nîmes","Paloma","2016","June","5"
"129",2016-06-03,"Spain","Barcelona","Parc del Fòrum","2016","June","3"
"130",2016-06-01,"France","Bordeaux","Rock School Barbey","2016","June","1"
"131",2016-05-04,"United States","Seattle","Paramount Theatre","2016","May","4"
"132",2016-05-03,"United States","Seattle","Fremont Abbey Arts Center","2016","May","3"
"133",2016-05-01,"Canada","Vancouver","Vogue Theatre","2016","May","1"
"134",2016-04-30,"Canada","Vancouver","Vogue Theatre","2016","April","30"
"135",2016-04-29,"United States","Portland","DISJECTA","2016","April","29"
"136",2016-04-28,"United States","Portland","Crystal Ballroom","2016","April","28"
"137",2016-04-24,"United States","Indio","Empire Polo Club","2016","April","24"
"138",2016-04-21,"United States","Los Angeles","LOT 613","2016","April","21"
"139",2016-04-20,"United States","San Pedro","Warner Grand Theatre","2016","April","20"
"140",2016-04-19,"United States","Pioneertown","Pappy & Harriet's Palace","2016","April","19"
"141",2016-04-17,"United States","Indio","Empire Polo Club","2016","April","17"
"142",2016-04-15,"United States","San Diego","The Observatory North Park","2016","April","15"
"143",2016-04-14,"United States","Tempe","Marquee Theatre","2016","April","14"
"144",2016-04-13,"United States","El Paso","Tricky Falls","2016","April","13"
"145",2016-04-11,"United States","Austin","ACL Live at The Moody Theater","2016","April","11"
"146",2016-04-10,"United States","Austin","Brazos Hall","2016","April","10"
"147",2016-04-09,"United States","Dallas","Bomb Factory","2016","April","9"
"148",2016-03-24,"United States","Baltimore","Floristree","2016","March","24"
"149",2016-03-23,"United States","Queens","Knockdown Center","2016","March","23"
"150",2016-03-22,"United States","Queens","Knockdown Center","2016","March","22"
"151",2016-03-20,"United States","Philadelphia","Crane Arts Building","2016","March","20"
"152",2016-03-19,"United States","Philadelphia","Union Transfer","2016","March","19"
"153",2016-03-18,"United States","Philadelphia","Union Transfer","2016","March","18"
"154",2016-03-16,"United States","New York","Webster Hall","2016","March","16"
"155",2016-03-15,"United States","New York","Webster Hall","2016","March","15"
"156",2016-03-14,"United States","New York","Webster Hall","2016","March","14"
"157",2016-03-12,"United States","Somerville","Arts at the Armory","2016","March","12"
"158",2016-03-11,"United States","Boston","House of Blues","2016","March","11"
"159",2016-03-09,"Canada","Montreal","Théâtre Rialto","2016","March","9"
"160",2016-03-06,"Canada","Toronto","Danforth Music Hall","2016","March","6"
"161",2016-03-05,"Canada","Toronto","Danforth Music Hall","2016","March","5"
"162",2016-03-04,"Canada","Toronto","Only One Gallery","2016","March","4"
"163",2016-03-03,"United States","Chicago","Vic Theatre","2016","March","3"
"164",2016-03-02,"United States","Chicago","OpenSecret Studios","2016","March","2"
"165",2016-03-01,"United States","Chicago","Vic Theatre","2016","March","1"
"166",2016-02-29,"United States","Cleveland","House of Blues","2016","February","29"
"167",2016-02-14,"Australia","Fremantle","Esplanade Reserve","2016","February","14"
"168",2016-02-13,"Australia","Melbourne","Footscray Community Arts Centre","2016","February","13"
"169",2016-02-11,"Australia","Melbourne","170 Russell","2016","February","11"
"170",2016-02-10,"Australia","Melbourne","170 Russell","2016","February","10"
"171",2016-02-07,"Australia","Sydney","Sydney College of the Arts","2016","February","7"
"172",2016-02-06,"Australia","Brisbane","Brisbane Showgrounds","2016","February","6"
"173",2016-02-05,"Australia","Adelaide","Harts Mill","2016","February","5"
"174",2016-02-03,"Australia","Sydney","Concert Hall, Sydney Opera House","2016","February","3"
"175",2016-02-01,"New Zealand","Auckland","Silo Park","2016","February","1"
"176",2016-01-30,"Singapore","Singapore","The Meadow","2016","January","30"
"177",2016-01-26,"Japan","Osaka","Umeda Club Quattro","2016","January","26"
"178",2016-01-25,"Japan","Tokyo","TSUTAYA O-East","2016","January","25"
"179",2015-12-19,"United States","San Francisco","The Fillmore","2015","December","19"
"180",2015-12-18,"United States","San Francisco","The Fillmore","2015","December","18"
"181",2015-12-17,"United States","San Francisco","The Fillmore","2015","December","17"
"182",2015-12-12,"United States","Los Angeles","The Fonda Theatre","2015","December","12"
"183",2015-12-11,"United States","Los Angeles","The Fonda Theatre","2015","December","11"
"184",2015-12-10,"United States","Los Angeles","The Fonda Theatre","2015","December","10"
"185",2015-12-09,"United States","Los Angeles","The Fonda Theatre","2015","December","9"
"186",2015-12-07,"United States","Santa Ana","The Observatory","2015","December","7"
"187",2015-11-24,"Portugal","Oporto","Teatro Sá da Bandeira","2015","November","24"
"188",2015-11-23,"Portugal","Lisbon","Espaço Armazém F","2015","November","23"
"189",2015-11-22,"Spain","Madrid","La Riviera","2015","November","22"
"190",2015-11-21,"Spain","Barcelona","Sala Apolo","2015","November","21"
"191",2015-11-20,"Spain","Barcelona","Sala Apolo","2015","November","20"
"192",2015-11-18,"Switzerland","Lausanne","Les Docks","2015","November","18"
"193",2015-11-17,"Germany","Munich","Freiheiz","2015","November","17"
"194",2015-11-16,"Germany","Berlin","Huxley's Neue Welt","2015","November","16"
"195",2015-11-14,"Germany","Hamburg","Kampnagel","2015","November","14"
"196",2015-11-13,"Denmark","Copenhagen","Vega","2015","November","13"
"197",2015-11-12,"Sweden","Stockholm","Debaser Medis","2015","November","12"
"198",2015-11-11,"Sweden","Gothenburg","Trädgår'n","2015","November","11"
"199",2015-11-10,"Norway","Oslo","Sentrum Scene","2015","November","10"
"200",2015-11-07,"Iceland","Reykjavik","Harpa - Silfurberg","2015","November","7"
"201",2015-11-05,"Luxembourg","Luxembourg","Den Atelier","2015","November","5"
"202",2015-11-04,"Germany","Cologne","Gloria Theater","2015","November","4"
"203",2015-11-03,"Belgium","Brussels","Ancienne Belgique","2015","November","3"
"204",2015-11-02,"Netherlands","Amsterdam","Paradiso Grote Zaal","2015","November","2"
"205",2015-10-31,"United Kingdom","London","O2 Shepherd's Bush Empire","2015","October","31"
"206",2015-10-30,"United Kingdom","London","O2 Shepherd's Bush Empire","2015","October","30"
"207",2015-10-29,"France","Paris","Grande Halle de la Villette","2015","October","29"
"208",2015-10-27,"United Kingdom","Manchester","O2 Ritz","2015","October","27"
"209",2015-10-26,"Scotland","Glasgow","O2 ABC","2015","October","26"
"210",2015-10-25,"Ireland","Dublin","Vicar Street","2015","October","25"
"211",2015-10-24,"Northern Ireland","Belfast","Mandela Hall","2015","October","24"
"212",2015-10-16,"United States","New York","Late Show With Stephen Colbert","2015","October","16"
"213",2015-10-10,"United States","Baltimore","Ottobar","2015","October","10"
"214",2015-10-08,"United States","Saxapahaw","Haw River Ballroom","2015","October","8"
"215",2015-10-07,"United States","Asheville","The Orange Peel","2015","October","7"
"216",2015-10-06,"United States","Atlanta","Buckhead Theatre","2015","October","6"
"217",2015-10-04,"United States","Nashville","Ryman Auditorium","2015","October","4"
"218",2015-10-03,"United States","Birmingham","Saturn","2015","October","3"
"219",2015-10-02,"United States","New Orleans","Civic Theatre","2015","October","2"
"220",2015-10-01,"United States","Houston","House of Blues","2015","October","1"
"221",2015-09-29,"United States","Tulsa","Cain's Ballroom","2015","Septmber","29"
"222",2015-09-28,"United States","Memphis","Minglewood Hall","2015","Septmber","28"
"223",2015-09-27,"United States","St. Louis","The Pageant","2015","Septmber","27"
"224",2015-09-26,"United States","Lawrence","Liberty Hall","2015","Septmber","26"
"225",2015-09-25,"United States","Omaha","Slowdown","2015","Septmber","25"
"226",2015-09-23,"United States","Minneapolis","First Avenue","2015","Septmber","23"
"227",2015-09-22,"United States","Minneapolis","First Avenue","2015","Septmber","22"
"228",2015-09-21,"United States","Milwaukee","Pabst Theater","2015","Septmber","21"
"229",2015-09-19,"United States","Royal Oak","Royal Oak Music Theatre","2015","Septmber","19"
"230",2015-09-18,"United States","Cincinnati","Bogart's","2015","Septmber","18"
"231",2015-09-17,"United States","Columbus","Newport Music Hall","2015","Septmber","17"
"232",2015-08-29,"United States","Baltimore","Pier Six Concert Pavilion","2015","August","29"
"233",2015-08-27,"United States","Brooklyn","Baby's All Right","2015","August","27"
"234",2015-08-26,"United States","New Haven","College Street Music Hall","2015","August","26"
"235",2015-08-25,"United States","Providence","Lupo's Heartbreak Hotel","2015","August","25"
"236",2015-08-24,"United States","Clifton Park","Upstate Concert Hall","2015","August","24"
"237",2015-08-22,"United States","Millvale","Mr. Smalls Theatre","2015","August","22"
"238",2015-08-21,"United States","Buffalo","Town Ballroom","2015","August","21"
"239",2015-08-20,"United States","South Burlington","Higher Ground Music Hall","2015","August","20"
"240",2015-08-19,"United States","Northampton","Pearl Street","2015","August","19"
"241",2015-08-18,"United States","Portland","State Theatre","2015","August","18"
"242",2014-10-11,"Canada","Halifax","The Marquee Ballroom","2014","October","11"
"243",2014-10-10,"Canada","Fredericton","The Playhouse","2014","October","10"
"244",2014-10-09,"Canada","Quebec City","Le Cercle","2014","October","9"
"245",2014-10-07,"Canada","Montreal","Théâtre Plaza","2014","October","7"
"246",2014-10-06,"Canada","Montreal","Théâtre Plaza","2014","October","6"
"247",2014-10-05,"Canada","Ottawa","Bronson Centre","2014","October","5"
"248",2014-10-04,"Canada","Toronto","Lee's Palace","2014","October","4"
"249",2014-10-03,"Canada","Toronto","Lee's Palace","2014","October","3"
"250",2014-10-01,"Canada","Thunder Bay","Crocks","2014","October","1"
"251",2014-09-30,"Canada","Winnipeg","Pyramid Cabaret","2014","Septmber","30"
"252",2014-09-28,"Canada","Saskatoon","Louis' Pub","2014","Septmber","28"
"253",2014-09-27,"Canada","Calgary","The Republik","2014","Septmber","27"
"254",2014-09-26,"Canada","Edmonton","The Starlite Room","2014","Septmber","26"
"255",2014-09-24,"Canada","Nelson","The Spirit Bar","2014","Septmber","24"
"256",2014-09-22,"Canada","Vancouver","Venue","2014","Septmber","22"
"257",2014-09-21,"Canada","Victoria","Sugar Nightclub","2014","Septmber","21"
"258",2014-09-18,"United States","Anchorage","Bear Tooth Theatre Pub","2014","Septmber","18"
"259",2014-08-29,"United Kingdom","Salisbury","Larmer Tree Gardens","2014","August","29"
"260",2014-01-25,"United States","Brooklyn","Music Hall of Williamsburg","2014","January","25"
"261",2014-01-24,"United States","Washington","9:30 Club","2014","January","24"
"262",2014-01-23,"United States","Baltimore","Floristree","2014","January","23"
"263",2014-01-22,"United States","Philadelphia","Union Transfer","2014","January","22"
"264",2013-09-06,"Mexico","Mexico City","El Plaza Condesa","2013","Septmber","6"
"265",2013-09-03,"Argentina","Buenos Aires","Teatro Vorterix","2013","Septmber","3"
"266",2013-09-01,"Chile","Santiago","Teatro La Cúpula","2013","Septmber","1"
"267",2013-08-30,"Brazil","Rio de Janeiro","Circo Voador","2013","August","30"
"268",2013-08-28,"Brazil","São Paulo","Cine Jóia","2013","August","28"
"269",2013-08-25,"United States","Los Angeles","Los Angeles State Historic Park","2013","August","25"
"270",2013-08-24,"United States","Monterey","Monterey County Fairgrounds","2013","August","24"
"271",2013-08-10,"Finland","Helsinki","Suvilahti","2013","August","10"
"272",2013-08-09,"Norway","Oslo","Middelalderparken","2013","August","9"
"273",2013-08-08,"Sweden","Gothenburg","Slottsskogen","2013","August","8"
"274",2013-08-04,"United States","Chicago","Grant Park","2013","August","4"
"275",2013-08-02,"Canada","Montreal","Parc Jean-Drapeau","2013","August","2"
"276",2013-07-31,"United States","Portland","State Theatre","2013","July","31"
"277",2013-07-24,"Switzerland","Nyon","L'Asse","2013","July","24"
"278",2013-07-21,"United Kingdom","Southwold","Henham Park","2013","July","21"
"279",2013-07-20,"Ireland","Dublin","Iveagh Gardens","2013","July","20"
"280",2013-07-18,"Spain","Benicassim","Recinto de Festivales","2013","July","18"
"281",2013-07-16,"Netherlands","Utrecht","Tivoli","2013","July","16"
"282",2013-07-14,"Belgium","Bruges","Minnewaterpark","2013","July","14"
"283",2013-07-12,"Belgium","Bruges","Minnewaterpark","2013","July","12"
"284",2013-06-15,"United States","Manchester","Great Stage Park","2013","June","15"
"285",2013-06-13,"United States","Charlotte","Neighborhood Theatre","2013","June","13"
"286",2013-06-07,"United States","Randalls Island","Randall's Island Park","2013","June","7"
"287",2013-06-06,"United States","Washington","9:30 Club","2013","June","6"
"288",2013-04-26,"United States","Baltimore","Modell Performing Arts Center at the Lyric","2013","April","26"
"289",2013-04-24,"United States","Cincinnati","Bogart's","2013","April","24"
"290",2013-04-23,"United States","Oxford","The Lyric Theatre","2013","April","23"
"291",2013-04-21,"United States","Marfa","Crowley Theater","2013","April","21"
"292",2013-04-19,"United States","Indio","Empire Polo Club","2013","April","19"
"293",2013-04-17,"United States","Big Sur","Henry Miller Memorial Library","2013","April","17"
"294",2013-04-16,"United States","San Francisco","The Fillmore","2013","April","16"
"295",2013-04-12,"United States","Indio","Empire Polo Club","2013","April","12"
"296",2013-04-10,"United States","Pomona","The Glass House","2013","April","10"
"297",2013-04-09,"United States","Phoenix","Crescent Ballroom","2013","April","9"
"298",2013-04-08,"United States","El Paso","Tricky Falls","2013","April","8"
"299",2013-03-26,"United Kingdom","London","O2 Shepherd's Bush Empire","2013","March","26"
"300",2013-03-25,"United Kingdom","London","O2 Shepherd's Bush Empire","2013","March","25"
"301",2013-03-22,"France","Paris","La Cigale","2013","March","22"
"302",2013-03-21,"Luxembourg","Esch-sur-Alzette","Rockhal Main Hall","2013","March","21"
"303",2013-03-19,"Spain","Avilés","Centro Niemeyer","2013","March","19"
"304",2013-03-17,"Portugal","Oporto","Hard Club","2013","March","17"
"305",2013-03-16,"Portugal","Lisbon","TMN Ao Vivo","2013","March","16"
"306",2013-03-15,"Spain","Madrid","La Riviera","2013","March","15"
"307",2013-03-14,"Spain","Barcelona","Sala Apolo","2013","March","14"
"308",2013-03-13,"Spain","Barcelona","Sala Apolo","2013","March","13"
"309",2013-03-11,"Italy","Milan","Magazzini Generali","2013","March","11"
"310",2013-03-10,"Italy","Rome","Piper Club","2013","March","10"
"311",2013-03-09,"Italy","Bologna","Estragon","2013","March","9"
"312",2013-01-20,"Japan","Tokyo","LIQUIDROOM","2013","January","20"
"313",2013-01-18,"Japan","Osaka","Umeda Club Quattro","2013","January","18"
"314",2013-01-12,"Australia","Bangalow","Bangalow A&I Hall","2013","January","12"
"315",2013-01-11,"Australia","Brisbane","The Tivoli","2013","January","11"
"316",2013-01-09,"Australia","Melbourne","Forum Theatre","2013","January","9"
"317",2013-01-05,"Australia","Busselton","Sir Stewart Bovell Park","2013","January","5"
"318",2013-01-03,"Australia","Sydney","Enmore Theatre","2013","January","3"
"319",2012-12-31,"Australia","Marion Bay","Marion Bay Falls Festival Site","2012","December","31"
"320",2012-12-30,"Australia","Lorne","Lorne Falls Festival Site","2012","December","30"
"321",2012-11-20,"France","Paris","Le Trianon","2012","November","20"
"322",2012-11-19,"Netherlands","Amsterdam","Paradiso Grote Zaal","2012","November","19"
"323",2012-11-18,"Belgium","Brussels","Ancienne Belgique","2012","November","18"
"324",2012-11-17,"Switzerland","Lausanne","Les Docks","2012","November","17"
"325",2012-11-16,"Germany","Cologne","Gloria Theater","2012","November","16"
"326",2012-11-14,"Germany","Munich","Feierwerk","2012","November","14"
"327",2012-11-13,"Austria","Vienna","Flex","2012","November","13"
"328",2012-11-12,"Czech Republic","Prague","Meet Factory","2012","November","12"
"329",2012-11-11,"Poland","Warsaw","Fabryka Trzciny","2012","November","11"
"330",2012-11-10,"Germany","Berlin","Astra","2012","November","10"
"331",2012-11-09,"Norway","Oslo","Sentrum Scene","2012","November","9"
"332",2012-11-08,"Norway","Oslo","Sentrum Scene","2012","November","8"
"333",2012-11-07,"Sweden","Stockholm","Berns","2012","November","7"
"334",2012-11-06,"Denmark","Copenhagen","Store Vega","2012","November","6"
"335",2012-11-05,"Germany","Hamburg","Kampnagel","2012","November","5"
"336",2012-11-03,"United Kingdom","Bristol","Anson Rooms","2012","November","3"
"337",2012-11-02,"United Kingdom","London","Roundhouse","2012","November","2"
"338",2012-10-31,"United Kingdom","Manchester","HMV Ritz","2012","October","31"
"339",2012-10-30,"United Kingdom","Leeds","Stylus","2012","October","30"
"340",2012-10-29,"Scotland","Glasgow","The Arches","2012","October","29"
"341",2012-10-28,"Ireland","Dublin","Vicar Street","2012","October","28"
"342",2012-10-27,"Ireland","Cork","Cork Opera House","2012","October","27"
"343",2012-10-26,"Northern Ireland","Belfast","Mandela Hall","2012","October","26"
"344",2012-10-17,"United States","Washington","9:30 Club","2012","October","17"
"345",2012-10-16,"United States","Philadelphia","Union Transfer","2012","October","16"
"346",2012-10-15,"United States","Boston","The Wilbur Theatre","2012","October","15"
"347",2012-10-14,"Canada","Montreal","Club Soda","2012","October","14"
"348",2012-10-13,"Canada","Toronto","Kool Haus","2012","October","13"
"349",2012-10-11,"United States","Chicago","Riviera Theatre","2012","October","11"
"350",2012-10-10,"United States","Milwaukee","Pabst Theater","2012","October","10"
"351",2012-10-09,"United States","Minneapolis","First Avenue","2012","October","9"
"352",2012-10-08,"United States","Omaha","Slowdown","2012","October","8"
"353",2012-10-04,"United States","Seattle","Showbox at the Market","2012","October","4"
"354",2012-10-03,"United States","Seattle","Showbox at the Market","2012","October","3"
"355",2012-10-01,"Canada","Vancouver","Commodore Ballroom","2012","October","1"
"356",2012-09-30,"United States","Portland","Roseland Theater","2012","Septmber","30"
"357",2012-09-29,"United States","Eugene","McDonald Theatre","2012","Septmber","29"
"358",2012-09-28,"United States","Oakland","Fox Theater","2012","Septmber","28"
"359",2012-09-26,"United States","Los Angeles","Wiltern Theatre","2012","Septmber","26"
"360",2012-09-25,"United States","Los Angeles","Wiltern Theatre","2012","Septmber","25"
"361",2012-09-24,"United States","Tucson","Rialto Theatre","2012","Septmber","24"
"362",2012-09-21,"United States","Dallas","Palladium Ballroom","2012","Septmber","21"
"363",2012-09-20,"United States","Austin","Stubb's Bar-B-Q","2012","Septmber","20"
"364",2012-09-19,"United States","Houston","House of Blues","2012","Septmber","19"
"365",2012-09-18,"United States","New Orleans","Tipitina's","2012","Septmber","18"
"366",2012-09-16,"United States","Atlanta","Variety Playhouse","2012","Septmber","16"
"367",2012-09-15,"United States","Nashville","Marathon Music Works","2012","Septmber","15"
"368",2012-09-14,"United States","Knoxville","Bijou Theatre","2012","Septmber","14"
"369",2012-09-13,"United States","Richmond","The National","2012","Septmber","13"
"370",2012-08-31,"United Kingdom","Salisbury","Larmer Tree Gardens","2012","August","31"
"371",2012-08-29,"Germany","Frankfurt","Das Bett","2012","August","29"
"372",2012-08-28,"Germany","Duisburg","Grammatikoff","2012","August","28"
"373",2012-08-27,"Netherlands","Groningen","Vera","2012","August","27"
"374",2012-08-26,"France","Saint-Cloud","Domaine national de Saint-Cloud","2012","August","26"
"375",2012-08-24,"Poland","Katowice","Dolina Trzech Stawów","2012","August","24"
"376",2012-07-23,"United States","New York","Rumsey Playfield","2012","July","23"
"377",2012-07-21,"United States","Millvale","Mr. Smalls Theatre","2012","July","21"
"378",2012-07-20,"United States","Columbus","Newport Music Hall","2012","July","20"
"379",2012-07-19,"United States","Cleveland","House of Blues","2012","July","19"
"380",2012-07-18,"United States","Pontiac","The Crofoot","2012","July","18"
"381",2012-07-17,"United States","Indianapolis","The Vogue","2012","July","17"
"382",2012-07-15,"United States","Chicago","Union Park","2012","July","15"
"383",2012-07-13,"United States","Louisville","Waterfront Park","2012","July","13"
"384",2012-07-12,"United States","Memphis","Minglewood Hall","2012","July","12"
"385",2012-07-11,"United States","St. Louis","The Pageant","2012","July","11"
"386",2012-07-09,"United States","Tulsa","Cain's Ballroom","2012","July","9"
"387",2012-07-07,"United States","Albuquerque","Sunshine Theater","2012","July","7"
"388",2012-07-06,"United States","Aspen","Belly Up","2012","July","6"
"389",2012-07-05,"United States","Salt Lake City","Farmer's Market @ Pioneer Park","2012","July","5"
"390",2012-07-03,"United States","Los Angeles","El Rey Theatre","2012","July","3"
"391",2012-07-01,"United States","San Diego","House of Blues","2012","July","1"
"392",2012-06-08,"Portugal","Oporto","Parque da Cidade","2012","June","8"
"393",2012-06-07,"France","Biarritz","Atabal","2012","June","7"
"394",2012-06-06,"France","Feyzin","L’Épicerie Moderne","2012","June","6"
"395",2012-06-05,"France","Nantes","Stereolux","2012","June","5"
"396",2012-06-04,"France","Bordeaux","Rock School Barbey","2012","June","4"
"397",2012-06-03,"France","Montpellier","Le Rockstore","2012","June","3"
"398",2012-06-02,"Spain","Barcelona","Parc del Fòrum","2012","June","2"
"399",2012-05-29,"France","Paris","La Maroquinerie","2012","May","29"
"400",2012-05-27,"Germany","Berlin","Volksbühne","2012","May","27"
"401",2012-05-26,"Netherlands","Amsterdam","Melkweg Oude Zaal","2012","May","26"
"402",2012-05-24,"United Kingdom","London","Village Underground","2012","May","24"
"403",2012-05-23,"United Kingdom","Brighton","The Haunt","2012","May","23"
"404",2012-05-19,"Belgium","Kortrijk","De Kreun","2012","May","19"
"405",2012-05-15,"United States","New York","Bowery Ballroom","2012","May","15"
"406",2012-05-13,"United States","Asheville","The Orange Peel","2012","May","13"
"407",2012-05-12,"United States","Athens","Georgia Theatre","2012","May","12"
"408",2012-05-11,"United States","Birmingham","Bottletree Café","2012","May","11"
"409",2012-05-10,"United States","Jacksonville Beach","Freebird Live","2012","May","10"
"410",2012-05-09,"United States","Orlando","The Beacham","2012","May","9"
"411",2012-05-08,"United States","Miami Beach","The Fillmore Miami Beach at Jackie Gleason Theater","2012","May","8"
"412",2012-05-05,"United States","Carrboro","Cat's Cradle","2012","May","5"
"413",2012-05-04,"United States","Charlottesville","The Jefferson Theater","2012","May","4"
"414",2011-10-16,"United States","San Francisco","Treasure Island","2011","October","16"
"415",2011-10-13,"Iceland","Reykjavik","Art Museum","2011","October","13"
"416",2011-07-31,"Japan","Yuzawa","Naeba Ski Resort","2011","July","31"
"417",2011-07-28,"Spain","Barcelona","Poble Espanyol","2011","July","28"
"418",2011-07-24,"United Kingdom","London","Alexandra Palace","2011","July","24"
"419",2011-07-23,"Ireland","Dublin","Marlay Park","2011","July","23"
"420",2011-07-16,"Latvia","Salacgriva","Zvejnieku parks","2011","July","16"
"421",2011-07-14,"Sweden","Hultsfred","Hultsfreds Hembygdspark","2011","July","14"
"422",2011-05-29,"United States","George","The Gorge Amphitheatre","2011","May","29"
"423",2011-05-12,"United Kingdom","Manchester","Manchester Academy 1, University of Manchester","2011","May","12"
"424",2011-02-26,"United States","Washington","9:30 Club","2011","February","26"
"425",2011-02-25,"United States","New York","Webster Hall","2011","February","25"
"426",2011-02-24,"United States","Philadelphia","Trocadero Theatre","2011","February","24"
"427",2011-02-23,"United States","New York","Webster Hall","2011","February","23"
"428",2011-02-18,"United States","San Francisco","The Fillmore","2011","February","18"
"429",2011-02-17,"United States","Los Angeles","Music Box at the Fonda","2011","February","17"
"430",2011-02-16,"United States","Los Angeles","Music Box at the Fonda","2011","February","16"
"431",2011-02-12,"Australia","Perth","Perth Cultural Centre","2011","February","12"
"432",2011-02-11,"Australia","Adelaide","Fowlers Live","2011","February","11"
"433",2011-02-06,"Australia","Sydney","Sydney College of the Arts","2011","February","6"
"434",2011-02-05,"Australia","Melbourne","Footscray Community Arts Centre","2011","February","5"
"435",2011-02-04,"Australia","Brisbane","Alexandria Street, Fortitude Valley","2011","February","4"
"436",2011-02-01,"New Zealand","Wellington","Wellington Town Hall","2011","February","1"
"437",2011-01-31,"New Zealand","Auckland","Aotea Square","2011","January","31"
"438",2011-01-29,"Singapore","Singapore","Fort Canning Park","2011","January","29"
"439",2011-01-27,"Australia","Sydney","City Recital Hall Angel Place","2011","January","27"
"440",2011-01-26,"Australia","Sydney","Beck's Festival Bar","2011","January","26"
"441",2011-01-25,"Australia","Melbourne","The Hi-Fi","2011","January","25"
"442",2011-01-24,"Australia","Melbourne","Curtin House","2011","January","24"
"443",2011-01-22,"Australia","Mullumbimby","Mullumbimby Civic Memorial Hall","2011","January","22"
"444",2010-12-20,"United States","Burbank","Conan","2010","December","20"
"445",2010-11-27,"Belgium","Brussels","Ancienne Belgique","2010","November","27"
"446",2010-11-26,"Netherlands","Utrecht","Tivoli","2010","November","26"
"447",2010-11-25,"United Kingdom","Brighton","Concorde 2","2010","November","25"
"448",2010-11-24,"United Kingdom","Bristol","Trinity Centre","2010","November","24"
"449",2010-11-23,"United Kingdom","London","O2 Shepherd's Bush Empire","2010","November","23"
"450",2010-11-22,"Ireland","Dublin","Vicar Street","2010","November","22"
"451",2010-11-20,"Scotland","Glasgow","Òran Mór","2010","November","20"
"452",2010-11-19,"United Kingdom","Manchester","Manchester Cathedral","2010","November","19"
"453",2010-11-16,"Switzerland","Zurich","Kaufleuten","2010","November","16"
"454",2010-11-15,"Switzerland","Geneva","L’Usine","2010","November","15"
"455",2010-11-14,"Germany","Cologne","Gebäude 9","2010","November","14"
"456",2010-11-13,"Germany","Hamburg","Uebel & Gefährlich","2010","November","13"
"457",2010-11-12,"Denmark","Copenhagen","Store Vega","2010","November","12"
"458",2010-11-11,"Norway","Oslo","Rockefeller Music Hall","2010","November","11"
"459",2010-11-10,"Sweden","Stockholm","Debaser Medis","2010","November","10"
"460",2010-11-09,"Sweden","Lund","Mejeriet","2010","November","9"
"461",2010-11-06,"France","Clermont-Ferrand","La Coopérative de Mai","2010","November","6"
"462",2010-11-05,"France","Rennes","Antipode MJC","2010","November","5"
"463",2010-10-17,"United States","Raleigh","Raleigh Amphitheater","2010","October","17"
"464",2010-10-16,"United States","Athens","40 Watt Club","2010","October","16"
"465",2010-10-14,"United States","St. Augustine","St. Augustine Amphitheatre","2010","October","14"
"466",2010-10-13,"United States","Miami Beach","The Fillmore Miami Beach at Jackie Gleason Theater","2010","October","13"
"467",2010-10-12,"United States","St. Petersburg","Jannus Live","2010","October","12"
"468",2010-10-11,"United States","Orlando","Hard Rock Live","2010","October","11"
"469",2010-10-09,"United States","New Orleans","Mahalia Jackson Theater","2010","October","9"
"470",2010-10-08,"United States","Austin","Zilker Park","2010","October","8"
"471",2010-10-07,"United States","Houston","Verizon Wireless Theater","2010","October","7"
"472",2010-10-06,"United States","Dallas","Palladium Ballroom","2010","October","6"
"473",2010-10-03,"United States","St. Louis","Chaifetz Arena","2010","October","3"
"474",2010-10-02,"United States","Kansas City","Starlight Theater","2010","October","2"
"475",2010-09-29,"United States","Las Vegas","Pearl Concert Theater at Palms Casino Resort","2010","Septmber","29"
"476",2010-09-26,"United States","Los Angeles","Hollywood Bowl","2010","Septmber","26"
"477",2010-09-25,"United States","Berkeley","William Randolph Hearst Greek Theatre","2010","Septmber","25"
"478",2010-09-17,"United States","New York","Radio City Music Hall","2010","Septmber","17"
"479",2010-09-15,"United States","New York","Radio City Music Hall","2010","Septmber","15"
"480",2010-09-13,"United States","Holyoke","Mountain Park","2010","Septmber","13"
"481",2010-09-12,"United States","Boston","Bank of America Pavilion","2010","Septmber","12"
"482",2010-09-11,"United States","Columbia","Merriweather Post Pavilion","2010","Septmber","11"
"483",2010-09-10,"United States","Rochester","Main Street Armory","2010","Septmber","10"
"484",2010-09-08,"Canada","Montreal","Metropolis","2010","Septmber","8"
"485",2010-09-07,"Canada","Toronto","Molson Amphitheatre","2010","Septmber","7"
"486",2010-09-06,"United States","Bloomington","Indiana University Auditorium","2010","Septmber","6"
"487",2010-09-03,"United States","Morrison","Red Rocks Amphitheatre","2010","Septmber","3"
"488",2010-09-02,"United States","Salt Lake City","In The Venue","2010","Septmber","2"
"489",2010-08-29,"United States","Redmond","Marymoor Park","2010","August","29"
"490",2010-08-28,"Canada","Vancouver","Malkin Bowl","2010","August","28"
"491",2010-08-27,"Canada","Vancouver","Malkin Bowl","2010","August","27"
"492",2010-08-20,"Belgium","Hasselt","Domein Kiewit","2010","August","20"
"493",2010-08-19,"Germany","Erlangen","E-Werk","2010","August","19"
"494",2010-08-18,"Germany","Schorndorf","Manufaktur","2010","August","18"
"495",2010-08-17,"Austria","Graz","Kasematten","2010","August","17"
"496",2010-08-16,"Germany","Frankfurt","Das Bett","2010","August","16"
"497",2010-08-14,"Finland","Helsinki","Suvilahti","2010","August","14"
"498",2010-08-13,"Sweden","Gothenburg","Slottsskogen","2010","August","13"
"499",2010-08-12,"Germany","Haldern","Alter Reitplatz","2010","August","12"
"500",2010-07-31,"Canada","Montreal","Parc Jean-Drapeau","2010","July","31"
"501",2010-07-27,"United States","Brooklyn","Prospect Park","2010","July","27"
"502",2010-07-22,"United States","Baltimore","Sonar","2010","July","22"
"503",2010-07-18,"United States","Chicago","Union Park","2010","July","18"
"504",2010-07-16,"Portugal","Sesimbra","Meco","2010","July","16"
"505",2010-07-14,"Italy","Rome","Circolo degli Artisti","2010","July","14"
"506",2010-07-13,"Italy","Segrate","Circolo Magnolia","2010","July","13"
"507",2010-07-04,"Netherlands","Bloemendaal","Openluchttheater Caprera","2010","July","4"
"508",2010-07-03,"Denmark","Roskilde","Darupvej","2010","July","3"
"509",2010-07-02,"Switzerland","Montreux","Miles Davis Hall","2010","July","2"
"510",2010-07-01,"Germany","Berlin","Lido","2010","July","1"
"511",2010-06-29,"Norway","Arendal","Tromøya","2010","June","29"
"512",2010-06-27,"United Kingdom","London","Hyde Park","2010","June","27"
"513",2010-06-26,"United Kingdom","Pilton","Worthy Farm","2010","June","26"
"514",2010-06-20,"United States","Buffalo","Town Ballroom","2010","June","20"
"515",2010-06-17,"United States","Cleveland","Beachland Ballroom and Tavern","2010","June","17"
"516",2010-06-16,"United States","Pittsburgh","Diesel Club Lounge","2010","June","16"
"517",2010-06-03,"France","Paris","Le Trabendo","2010","June","3"
"518",2010-06-01,"United Kingdom","London","Heaven","2010","June","1"
"519",2010-05-28,"Spain","Barcelona","Parc del Fòrum","2010","May","28"
"520",2010-05-26,"Netherlands","Amsterdam","Paradiso Grote Zaal","2010","May","26"
"521",2010-05-13,"Mexico","Mexico City","Lunario del Auditorio Nacional","2010","May","13"
"522",2010-05-08,"United States","Baltimore","2640 Space","2010","May","8"
"523",2010-05-07,"United States","Philadelphia","First Unitarian Church","2010","May","7"
"524",2010-05-06,"United States","New York","Webster Hall","2010","May","6"
"525",2010-05-01,"United States","Carrboro","Cat's Cradle","2010","May","1"
"526",2010-04-30,"United States","Asheville","The Grey Eagle","2010","April","30"
"527",2010-04-29,"United States","Atlanta","The Earl","2010","April","29"
"528",2010-04-28,"United States","Nashville","Mercy Lounge","2010","April","28"
"529",2010-04-24,"United States","Baton Rouge","Spanish Moon","2010","April","24"
"530",2010-04-23,"United States","Houston","Walter's On Washington","2010","April","23"
"531",2010-04-21,"United States","Dallas","Granada Theater","2010","April","21"
"532",2010-04-19,"United States","Tempe","The Clubhouse","2010","April","19"
"533",2010-04-17,"United States","Indio","Empire Polo Club","2010","April","17"
"534",2010-04-16,"United States","Santa Barbara","SoHo Restaurant and Music Club","2010","April","16"
"535",2010-04-15,"United States","San Luis Obispo","Downtown Brewing Co.","2010","April","15"
"536",2010-04-14,"United States","San Francisco","Bimbo's 365 Club","2010","April","14"
"537",2010-04-12,"United States","Seattle","Neumos","2010","April","12"
"538",2010-04-10,"United States","Portland","Doug Fir Lounge","2010","April","10"
"539",2010-04-09,"United States","Boise","Neurolux","2010","April","9"
"540",2010-04-07,"United States","Denver","Bluebird Theater","2010","April","7"
"541",2010-04-06,"United States","Lawrence","Granada Theater","2010","April","6"
"542",2010-04-05,"United States","Omaha","The Waiting Room Lounge","2010","April","5"
"543",2010-04-04,"United States","Minneapolis","The Cedar Cultural Center","2010","April","4"
"544",2010-04-03,"United States","Milwaukee","Pabst Theater","2010","April","3"
"545",2010-04-02,"United States","Chicago","Metro","2010","April","2"
"546",2010-03-30,"Canada","Toronto","The Opera House","2010","March","30"
"547",2010-03-29,"Canada","Montreal","La Sala Rossa","2010","March","29"
"548",2010-03-28,"United States","Boston","Paradise Rock Club","2010","March","28"
"549",2010-03-27,"United States","Middletown","Wesleyan University","2010","March","27"
"550",2010-03-26,"United States","Washington","Black Cat","2010","March","26"
"551",2010-03-18,"Portugal","Guimarães","Centro Cultural Vila Flor","2010","March","18"
"552",2010-03-17,"Portugal","Lisbon","Lux","2010","March","17"
"553",2010-03-14,"United Kingdom","London","Roundhouse","2010","March","14"
"554",2010-03-13,"United Kingdom","London","Roundhouse","2010","March","13"
"555",2010-03-12,"United Kingdom","Coventry","Warwick Arts Centre","2010","March","12"
"556",2010-03-11,"United Kingdom","Brighton","Corn Exchange","2010","March","11"
"557",2010-03-06,"Switzerland","Zurich","abart","2010","March","6"
"558",2010-03-05,"Germany","Munich","Feierwerk","2010","March","5"
"559",2010-03-03,"Germany","Hamburg","Molotow","2010","March","3"
"560",2010-03-02,"Sweden","Gothenburg","Pustervik","2010","March","2"
"561",2010-02-28,"Norway","Oslo","Parkteatret","2010","February","28"
"562",2010-02-27,"Sweden","Stockholm","Debaser Slussen","2010","February","27"
"563",2010-02-26,"Denmark","Copenhagen","Loppen","2010","February","26"
"564",2010-02-25,"Germany","Berlin","Roter Salon","2010","February","25"
"565",2010-02-24,"Netherlands","Groningen","Vera","2010","February","24"
"566",2010-02-23,"Netherlands","Amsterdam","Paradiso Kleine Zaal","2010","February","23"
"567",2010-02-22,"Belgium","Sint-Joost-ten-Noode / Saint-Josse-ten-Noode","La Rotonde","2010","February","22"
"568",2010-02-21,"Belgium","Ghent","Vooruit Balzaal","2010","February","21"
"569",2010-02-20,"France","Paris","La Maroquinerie","2010","February","20"
"570",2010-02-19,"France","Saint-Malo","L'Omnibus","2010","February","19"
"571",2010-02-17,"United Kingdom","London","Bush Hall","2010","February","17"
"572",2010-02-16,"Wales","Cardiff","Cardiff Arts Institute","2010","February","16"
"573",2010-02-14,"Northern Ireland","Belfast","The Speakeasy","2010","February","14"
"574",2010-02-13,"Ireland","Dublin","Whelan's","2010","February","13"
"575",2010-02-12,"United Kingdom","Leeds","Brudenell Social Club","2010","February","12"
"576",2010-02-11,"United Kingdom","Salford","Islington Mill","2010","February","11"
"577",2010-02-10,"Scotland","Glasgow","King Tut's Wah Wah Hut","2010","February","10"
"578",2010-01-26,"United States","Brooklyn","The Bell House","2010","January","26"
"579",2010-01-24,"United States","Park City","","2010","January","24"
"580",2009-12-12,"Spain","Madrid","Neu! Club","2009","December","12"
"581",2009-12-10,"Spain","Barcelona","Sidecar","2009","December","10"
"582",2009-12-09,"United Kingdom","London","Fleapit","2009","December","9"
"583",2009-10-20,"United States","Los Angeles","Hollywood Palladium","2009","October","20"
"584",2009-10-19,"United States","San Francisco","Bottom of the Hill","2009","October","19"
"585",2009-10-09,"United States","Poughkeepsie","Vassar College Chapel","2009","October","9"
"586",2009-10-08,"United States","Boston","Orpheum Theatre","2009","October","8"
"587",2009-10-01,"United States","Columbia","The Blue Note","2009","October","1"
"588",2009-09-26,"United States","Ann Arbor","Michigan Theater","2009","Septmber","26"
"589",2009-09-24,"Canada","Victoria","Sugar Nightclub","2009","Septmber","24"
"590",2009-08-30,"United States","Brooklyn","Williamsburg Waterfront","2009","August","30"
"591",2009-08-22,"Wales","Crickhowell","Glanusk Park","2009","August","22"
"592",2009-08-21,"United Kingdom","London","Union Chapel","2009","August","21"
"593",2009-08-19,"France","Paris","Nouveau Casino","2009","August","19"
"594",2009-08-18,"Netherlands","Amsterdam","Paradiso Kleine Zaal","2009","August","18"
"595",2009-08-14,"Norway","Oslo","Middelalderparken","2009","August","14"
"596",2009-08-07,"United States","Baltimore","Metro Gallery","2009","August","7"
"597",2009-04-16,"United States","New York","Webster Hall","2009","April","16"
"598",2009-03-11,"United States","Baltimore","Sonar","2009","March","11"
"599",2009-01-21,"United States","San Francisco","The Fillmore","2009","January","21"
"600",2008-12-18,"United States","Baltimore","Sonar","2008","December","18"
"601",2008-12-13,"United States","Haverford","Lunt Basement","2008","December","13"
"602",2008-12-12,"United States","Boston","Museum of Fine Arts","2008","December","12"
"603",2008-12-11,"United States","Northampton","Iron Horse Music Hall","2008","December","11"
"604",2008-12-10,"United States","Providence","Club Hell","2008","December","10"
"605",2008-12-09,"United States","Brooklyn","Music Hall of Williamsburg","2008","December","9"
"606",2008-12-02,"United Kingdom","London","Cargo","2008","December","2"
"607",2008-12-01,"Denmark","Copenhagen","Lille Vega","2008","December","1"
"608",2008-11-30,"Finland","Helsinki","Tavastia","2008","November","30"
"609",2008-11-29,"Sweden","Malmö","Kulturbolaget","2008","November","29"
"610",2008-11-27,"Ireland","Dublin","Whelan's","2008","November","27"
"611",2008-11-26,"Italy","Milan","La Casa 139","2008","November","26"
"612",2008-11-25,"Italy","Rome","Circolo degli Artisti","2008","November","25"
"613",2008-11-22,"Italy","Bologna","Covo Club","2008","November","22"
"614",2008-11-21,"Switzerland","Lausanne","Le Romandie","2008","November","21"
"615",2008-11-16,"Portugal","Lisbon","Maxime","2008","November","16"
"616",2008-11-14,"Spain","Madrid","Moby Dick","2008","November","14"
"617",2008-11-12,"Spain","Barcelona","La [2] de Apolo","2008","November","12"
"618",2008-10-22,"United States","New York","Le Poisson Rouge","2008","October","22"
"619",2008-10-17,"United States","New York","Le Poisson Rouge","2008","October","17"
"620",2008-10-15,"United States","Philadelphia","Club Polaris AKA Starlight Ballroom","2008","October","15"
"621",2008-10-10,"United States","Chicago","Epiphany","2008","October","10"
"622",2008-10-08,"United States","Detroit","Museum of Contemporary Art Detroit (MOCAD)","2008","October","8"
"623",2008-10-04,"Canada","Montreal","Eastern Bloc","2008","October","4"
"624",2008-09-30,"United States","Los Angeles","Spaceland","2008","Septmber","30"
"625",2008-09-28,"United States","San Francisco","Café du Nord","2008","Septmber","28"
"626",2008-09-27,"United States","Big Sur","Fernwood Campground and Resort","2008","Septmber","27"
"627",2008-08-30,"New Zealand","Auckland","Kings Arms","2008","August","30"
"628",2008-08-29,"New Zealand","Wellington","Bodega","2008","August","29"
"629",2008-08-27,"Australia","Melbourne","The Toff in Town","2008","August","27"
"630",2008-08-24,"Australia","Fremantle","Mojo's Bar","2008","August","24"
"631",2008-08-23,"Australia","Brisbane","The Troubadour","2008","August","23"
"632",2008-08-22,"Australia","Melbourne","Roxanne Parlour","2008","August","22"
"633",2008-08-21,"Australia","Sydney","The Hopetoun Hotel","2008","August","21"
"634",2008-08-20,"Australia","Sydney","The Hopetoun Hotel","2008","August","20"
"635",2008-08-13,"United States","Asheville","The Grey Eagle","2008","August","13"
"636",2008-08-12,"United States","Greensboro","Square One","2008","August","12"
"637",2008-08-10,"United States","Baltimore","Creative Alliance","2008","August","10"
"638",2008-08-09,"United States","Philadelphia","Johnny Brenda's","2008","August","9"
"639",2008-07-19,"United States","Brooklyn","Coney Island","2008","July","19"
"640",2008-07-18,"United States","Baltimore","2640 Space","2008","July","18"
"641",2008-06-15,"United Kingdom","Leeds","Brudenell Social Club","2008","June","15"
"642",2008-06-08,"United Kingdom","London","Hammersmith Apollo","2008","June","8"
"643",2008-06-06,"Netherlands","Utrecht","Ekko","2008","June","6"
"644",2008-06-02,"France","Paris","La Flèche d'Or","2008","June","2"
"645",2008-05-27,"Norway","Oslo","John Dee","2008","May","27"
"646",2008-04-18,"United States","Pittsburgh","Garfield Artworks","2008","April","18"
"647",2008-04-04,"United States","Washington","Rock and Roll Hotel","2008","April","4"
"648",2008-03-31,"United States","Cambridge","The Middle East Downstairs","2008","March","31"
"649",2008-03-28,"Canada","Toronto","El Mocambo","2008","March","28"
"650",2008-03-27,"United States","Cleveland Heights","Grog Shop","2008","March","27"
"651",2008-03-22,"United States","Denver","Hi-Dive","2008","March","22"
"652",2008-03-21,"United States","Salt Lake City","Kilby Court","2008","March","21"
"653",2008-03-15,"United States","San Francisco","Bottom of the Hill","2008","March","15"
"654",2008-03-08,"United States","Denton","Hailey's Club","2008","March","8"
"655",2008-02-29,"United States","Chapel Hill","Local 506","2008","February","29"
"656",2007-11-16,"United Kingdom","London","Monto Water Rats","2007","November","16"
"657",2007-11-09,"Belgium","Sint-Joost-ten-Noode / Saint-Josse-ten-Noode","L’Orangerie du Botanique","2007","November","9"
"658",2007-10-10,"United States","Chicago","Park West","2007","October","10"
"659",2007-08-25,"United States","New York","Mercury Lounge","2007","August","25"
"660",2007-08-07,"United States","Philadelphia","The Fillmore at the TLA","2007","August","7"
"661",2007-07-20,"United States","Baltimore","Floristree","2007","July","20"
"662",2007-07-14,"United States","Chicago","Union Park","2007","July","14"
"663",2007-06-08,"United States","New York","Bowery Ballroom","2007","June","8"
"664",2007-05-26,"United States","San Francisco","Great American Music Hall","2007","May","26"
"665",2007-05-22,"United States","San Diego","The Casbah","2007","May","22"
"666",2007-03-10,"United States","Columbia","Art Bar","2007","March","10"
"667",2007-03-04,"United States","Washington","Black Cat","2007","March","4"
"668",2006-11-07,"United States","St. Paul","Big V's Saloon","2006","November","7"
