"","Year","Month","Day","ID","Country","City","Venue"
"1","2019","Jun","10",1,"USA","Brooklyn","Brooklyn Steel"
"2","2019","Jun","9",2,"USA","Brooklyn","Brooklyn Steel"
"3","2019","May","26",3,"England","London","Victoria Park"
"4","2019","May","24",4,"Spain","Madrid","Auditorio Enrique Tierno Galván"
"5","2019","May","9",5,"USA","Seattle","The Moore Theatre"
"6","2019","May","8",6,"USA","Seattle","The Moore Theatre"
"7","2019","May","4",7,"USA","Long Beach","Harry Bridges Memorial Park"
"8","2019","May","3",8,"USA","Long Beach","Harry Bridges Memorial Park"
"9","2019","Apr","30",9,"USA","San Luis Obispo","Alex Madonna Expo Center"
"10","2019","Mar","11",10,"New Zealand","Auckland","Auckland Town Hall"
"11","2019","Mar","9",11,"Australia","Meredith","Meredith Supernatural Amphitheatre"
"12","2019","Mar","8",12,"Australia","Melbourne","Forum Theatre"
"13","2019","Mar","6",13,"Australia","Adelaide","Maths Lawns at RCC"
"14","2019","Mar","4",14,"Australia","Sydney","Enmore Theatre"
"15","2019","Mar","2",15,"Australia","Wollongong","MacCabe Park"
"16","2019","Feb","28",16,"Australia","Perth","Chevron Festival Gardens"
"17","2019","Feb","26",17,"Australia","Brisbane","The Tivoli"
"18","2019","Feb","15",18,"USA","Miami","Mana Wynwood Convention Center"
"19","2019","Feb","13",19,"USA","Birmingham","Iron City"
"20","2018","Nov","2",20,"Italy","Turin","Lingotto Fiere"
"21","2018","Oct","20",21,"Ireland","Dublin","Vicar Street"
"22","2018","Oct","19",22,"England","Manchester","Albert Hall"
"23","2018","Oct","18",23,"England","London","Troxy"
"24","2018","Oct","17",24,"England","London","Troxy"
"25","2018","Oct","15",25,"France","Paris","L'Olympia Bruno Coquatrix"
"26","2018","Oct","13",26,"Belgium","Brussels","Ancienne Belgique"
"27","2018","Oct","12",27,"Netherlands","Utrecht","TivoliVredenburg Ronda"
"28","2018","Oct","11",28,"Germany","Hamburg","Kampnagel"
"29","2018","Oct","9",29,"Denmark","Freetown Christiania","Den Grå Hal"
"30","2018","Oct","8",30,"Sweden","Stockholm","Münchenbryggeriet"
"31","2018","Oct","7",31,"Norway","Oslo","Rockefeller Music Hall"
"32","2018","Oct","5",32,"Sweden","Gothenburg","Trädgår'n"
"33","2018","Oct","4",33,"Sweden","Lund","Mejeriet"
"34","2018","Oct","2",34,"Germany","Berlin","Huxley's Neue Welt"
"35","2018","Oct","1",35,"Germany","Cologne","Gloria Theater"
"36","2018","Sep","30",36,"France","Feyzin","L’Épicerie Moderne"
"37","2018","Sep","28",37,"Spain","Barcelona","Razzmatazz"
"38","2018","Sep","27",38,"Spain","Madrid","La Riviera"
"39","2018","Sep","26",39,"Portugal","Oporto","Teatro Sá da Bandeira"
"40","2018","Sep","25",40,"Portugal","Lisbon","Coliseu dos Recreios"
"41","2018","Aug","25",41,"USA","Washington","The Anthem"
"42","2018","Aug","24",42,"USA","Boston","House of Blues"
"43","2018","Aug","23",43,"USA","Brooklyn","Kings Theatre"
"44","2018","Aug","22",44,"USA","New York","United Palace Theatre"
"45","2018","Aug","20",45,"Canada","Toronto","Sony Centre for the Performing Arts"
"46","2018","Aug","19",46,"USA","Royal Oak","Royal Oak Music Theatre"
"47","2018","Aug","18",47,"USA","Chicago","The Chicago Theatre"
"48","2018","Aug","17",48,"USA","St. Paul","Palace Theatre"
"49","2018","Aug","15",49,"USA","Denver","Ogden Theatre"
"50","2018","Aug","14",50,"USA","Salt Lake City","The Depot"
"51","2018","Aug","12",51,"Canada","Vancouver","Orpheum Theatre"
"52","2018","Aug","11",52,"USA","Seattle","Alki Beach"
"53","2018","Aug","10",53,"USA","Portland","Keller Auditorium"
"54","2018","Aug","8",54,"USA","Oakland","Fox Theater"
"55","2018","Aug","7",55,"USA","Oakland","Fox Theater"
"56","2018","Aug","5",56,"USA","San Diego","The Observatory North Park"
"57","2018","Aug","4",57,"USA","Los Angeles","Hollywood Forever Cemetery"
"58","2018","Aug","3",58,"USA","Los Angeles","Hollywood Forever Cemetery"
"59","2018","Aug","2",59,"USA","Tucson","Rialto Theatre"
"60","2018","Jul","31",60,"USA","Austin","ACL Live at The Moody Theater"
"61","2018","Jul","30",61,"USA","Dallas","Bomb Factory"
"62","2018","Jul","28",62,"USA","Atlanta","Buckhead Theatre"
"63","2018","Jul","27",63,"USA","Raleigh","The Ritz"
"64","2018","Jul","26",64,"USA","Upper Darby","Tower Theatre"
"65","2018","Jul","24",65,"USA","New Haven","College Street Music Hall"
"66","2018","Jun","2",66,"Spain","Barcelona","Parc del Fòrum"
"67","2018","May","16",67,"USA","Los Angeles","Jimmy Kimmel Live"
"68","2018","May","15",68,"USA","Santa Monica","KCRW Studios"
"69","2018","May","13",69,"USA","Arcosanti","Arcosanti"
"70","2018","May","11",70,"Mexico","Mexico City","Auditorio BlackBerry"
"71","2018","May","8",71,"USA","El Paso","Tricky Falls"
"72","2018","May","7",72,"USA","Albuquerque","Sunshine Theater"
"73","2018","May","5",73,"USA","Tulsa","Cain's Ballroom"
"74","2018","May","4",74,"USA","Oxford","The Lyric Theatre"
"75","2018","May","2",75,"USA","Little Rock","Metroplex Event Center"
"76","2018","May","1",76,"USA","New Orleans","Civic Theatre"
"77","2018","Apr","30",77,"USA","Chattanooga","The Signal"
"78","2017","Sep","27",78,"USA","Morrison","Red Rocks Amphitheatre"
"79","2017","Sep","25",79,"USA","Santa Fe","The Santa Fe Opera"
"80","2017","Sep","24",80,"USA","Phoenix","Comerica Theatre"
"81","2017","Sep","23",81,"USA","Los Angeles","Hollywood Bowl"
"82","2017","Sep","22",82,"USA","Santa Ana","The Observatory"
"83","2017","Aug","18",83,"Portugal","Paredes de Coura","Praia Fluvial do Taboão"
"84","2017","Aug","16",84,"Italy","Sestri Levante","Ex Convento dell'Annunziata"
"85","2017","Aug","13",85,"Italy","Castelbuono","Piazza Castello"
"86","2017","Aug","11",86,"Denmark","Copenhagen","Refshalevej"
"87","2017","Aug","10",87,"Germany","Hamburg","Kampnagel"
"88","2017","Jun","2",88,"USA","Randalls Island","Randall's Island Park"
"89","2017","May","31",89,"USA","Knoxville","The Mill & Mine"
"90","2017","May","30",90,"USA","Athens","Georgia Theatre"
"91","2017","May","28",91,"USA","Ponte Vedra Beach","Ponte Vedra Concert Hall"
"92","2017","May","27",92,"USA","Fort Lauderdale","Revolution Live"
"93","2017","May","26",93,"USA","Orlando","The Beacham"
"94","2017","May","24",94,"USA","Charlotte","Neighborhood Theatre"
"95","2017","Mar","30",95,"USA","Lancaster","The Chameleon Club"
"96","2017","Mar","29",96,"USA","Wilmington","World Cafe Live at the Queen"
"97","2016","Nov","5",97,"USA","McDade","Sherwood Forest Faire"
"98","2016","Nov","3",98,"USA","Brooklyn","Kings Theatre"
"99","2016","Nov","2",99,"USA","Charlottesville","The Jefferson Theater"
"100","2016","Sep","9",100,"USA","Raleigh","City Plaza"
"101","2016","Aug","28",101,"USA","Los Angeles","LA Sports Arena & Exposition Park"
"102","2016","Aug","26",102,"USA","Los Angeles","The Theatre at Ace Hotel"
"103","2016","Aug","24",103,"USA","Las Vegas","House of Blues"
"104","2016","Aug","22",104,"USA","Denver","Ogden Theatre"
"105","2016","Aug","20",105,"USA","Kansas City","Uptown Theater"
"106","2016","Aug","19",106,"USA","Columbia","The Blue Note"
"107","2016","Aug","17",107,"USA","Louisville","Headliners"
"108","2016","Aug","16",108,"USA","Indianapolis","Deluxe at Old National Centre"
"109","2016","Aug","14",109,"USA","Iowa City","Englert Theatre"
"110","2016","Aug","13",110,"USA","Eau Claire","Foster Farms"
"111","2016","Aug","12",111,"USA","Sioux Falls","The District"
"112","2016","Aug","10",112,"USA","Missoula","Wilma Theatre"
"113","2016","Aug","9",113,"USA","Spokane","Knitting Factory"
"114","2016","Aug","8",114,"USA","Boise","Knitting Factory"
"115","2016","Aug","7",115,"USA","Portland","Pendarvis Farm"
"116","2016","Aug","5",116,"USA","San Francisco","Golden Gate Park"
"117","2016","Jul","15",117,"USA","Chicago","Union Park"
"118","2016","Jul","12",118,"USA","Washington","9:30 Club"
"119","2016","Jul","11",119,"USA","Washington","9:30 Club"
"120","2016","Jun","18",120,"Denmark","Aarhus","Ådalen"
"121","2016","Jun","17",121,"Netherlands","Hilvarenbeek","Beekse Bergen"
"122","2016","Jun","14",122,"France","Paris","Casino de Paris"
"123","2016","Jun","13",123,"England","Hove","All Saints Hove"
"124","2016","Jun","12",124,"England","London","Victoria Park"
"125","2016","Jun","10",125,"Portugal","Oporto","Parque da Cidade"
"126","2016","Jun","7",126,"France","Ramonville-Saint-Agne","Le Bikini"
"127","2016","Jun","6",127,"France","Nantes","Stereolux"
"128","2016","Jun","5",128,"France","Nîmes","Paloma"
"129","2016","Jun","3",129,"Spain","Barcelona","Parc del Fòrum"
"130","2016","Jun","1",130,"France","Bordeaux","Rock School Barbey"
"131","2016","May","4",131,"USA","Seattle","Paramount Theatre"
"132","2016","May","3",132,"USA","Seattle","Fremont Abbey Arts Center"
"133","2016","May","1",133,"Canada","Vancouver","Vogue Theatre"
"134","2016","Apr","30",134,"Canada","Vancouver","Vogue Theatre"
"135","2016","Apr","29",135,"USA","Portland","DISJECTA"
"136","2016","Apr","28",136,"USA","Portland","Crystal Ballroom"
"137","2016","Apr","24",137,"USA","Indio","Empire Polo Club"
"138","2016","Apr","21",138,"USA","Los Angeles","LOT 613"
"139","2016","Apr","20",139,"USA","San Pedro","Warner Grand Theatre"
"140","2016","Apr","19",140,"USA","Pioneertown","Pappy & Harriet's Palace"
"141","2016","Apr","17",141,"USA","Indio","Empire Polo Club"
"142","2016","Apr","15",142,"USA","San Diego","The Observatory North Park"
"143","2016","Apr","14",143,"USA","Tempe","Marquee Theatre"
"144","2016","Apr","13",144,"USA","El Paso","Tricky Falls"
"145","2016","Apr","11",145,"USA","Austin","ACL Live at The Moody Theater"
"146","2016","Apr","10",146,"USA","Austin","Brazos Hall"
"147","2016","Apr","9",147,"USA","Dallas","Bomb Factory"
"148","2016","Mar","24",148,"USA","Baltimore","Floristree"
"149","2016","Mar","23",149,"USA","Queens","Knockdown Center"
"150","2016","Mar","22",150,"USA","Queens","Knockdown Center"
"151","2016","Mar","20",151,"USA","Philadelphia","Crane Arts Building"
"152","2016","Mar","19",152,"USA","Philadelphia","Union Transfer"
"153","2016","Mar","18",153,"USA","Philadelphia","Union Transfer"
"154","2016","Mar","16",154,"USA","New York","Webster Hall"
"155","2016","Mar","15",155,"USA","New York","Webster Hall"
"156","2016","Mar","14",156,"USA","New York","Webster Hall"
"157","2016","Mar","12",157,"USA","Somerville","Arts at the Armory"
"158","2016","Mar","11",158,"USA","Boston","House of Blues"
"159","2016","Mar","9",159,"Canada","Montreal","Théâtre Rialto"
"160","2016","Mar","6",160,"Canada","Toronto","Danforth Music Hall"
"161","2016","Mar","5",161,"Canada","Toronto","Danforth Music Hall"
"162","2016","Mar","4",162,"Canada","Toronto","Only One Gallery"
"163","2016","Mar","3",163,"USA","Chicago","Vic Theatre"
"164","2016","Mar","2",164,"USA","Chicago","OpenSecret Studios"
"165","2016","Mar","1",165,"USA","Chicago","Vic Theatre"
"166","2016","Feb","29",166,"USA","Cleveland","House of Blues"
"167","2016","Feb","14",167,"Australia","Fremantle","Esplanade Reserve"
"168","2016","Feb","13",168,"Australia","Melbourne","Footscray Community Arts Centre"
"169","2016","Feb","11",169,"Australia","Melbourne","170 Russell"
"170","2016","Feb","10",170,"Australia","Melbourne","170 Russell"
"171","2016","Feb","7",171,"Australia","Sydney","Sydney College of the Arts"
"172","2016","Feb","6",172,"Australia","Brisbane","Brisbane Showgrounds"
"173","2016","Feb","5",173,"Australia","Adelaide","Harts Mill"
"174","2016","Feb","3",174,"Australia","Sydney","Concert Hall, Sydney Opera House"
"175","2016","Feb","1",175,"New Zealand","Auckland","Silo Park"
"176","2016","Jan","30",176,"Singapore","Singapore","The Meadow"
"177","2016","Jan","26",177,"Japan","Osaka","Umeda Club Quattro"
"178","2016","Jan","25",178,"Japan","Tokyo","TSUTAYA O-East"
"179","2015","Dec","19",179,"USA","San Francisco","The Fillmore"
"180","2015","Dec","18",180,"USA","San Francisco","The Fillmore"
"181","2015","Dec","17",181,"USA","San Francisco","The Fillmore"
"182","2015","Dec","12",182,"USA","Los Angeles","The Fonda Theatre"
"183","2015","Dec","11",183,"USA","Los Angeles","The Fonda Theatre"
"184","2015","Dec","10",184,"USA","Los Angeles","The Fonda Theatre"
"185","2015","Dec","9",185,"USA","Los Angeles","The Fonda Theatre"
"186","2015","Dec","7",186,"USA","Santa Ana","The Observatory"
"187","2015","Nov","24",187,"Portugal","Oporto","Teatro Sá da Bandeira"
"188","2015","Nov","23",188,"Portugal","Lisbon","Espaço Armazém F"
"189","2015","Nov","22",189,"Spain","Madrid","La Riviera"
"190","2015","Nov","21",190,"Spain","Barcelona","Sala Apolo"
"191","2015","Nov","20",191,"Spain","Barcelona","Sala Apolo"
"192","2015","Nov","18",192,"Switzerland","Lausanne","Les Docks"
"193","2015","Nov","17",193,"Germany","Munich","Freiheiz"
"194","2015","Nov","16",194,"Germany","Berlin","Huxley's Neue Welt"
"195","2015","Nov","14",195,"Germany","Hamburg","Kampnagel"
"196","2015","Nov","13",196,"Denmark","Copenhagen","Vega"
"197","2015","Nov","12",197,"Sweden","Stockholm","Debaser Medis"
"198","2015","Nov","11",198,"Sweden","Gothenburg","Trädgår'n"
"199","2015","Nov","10",199,"Norway","Oslo","Sentrum Scene"
"200","2015","Nov","7",200,"Iceland","Reykjavik","Harpa - Silfurberg"
"201","2015","Nov","5",201,"Luxembourg","Luxembourg","Den Atelier"
"202","2015","Nov","4",202,"Germany","Cologne","Gloria Theater"
"203","2015","Nov","3",203,"Belgium","Brussels","Ancienne Belgique"
"204","2015","Nov","2",204,"Netherlands","Amsterdam","Paradiso Grote Zaal"
"205","2015","Oct","31",205,"England","London","O2 Shepherd's Bush Empire"
"206","2015","Oct","30",206,"England","London","O2 Shepherd's Bush Empire"
"207","2015","Oct","29",207,"France","Paris","Grande Halle de la Villette"
"208","2015","Oct","27",208,"England","Manchester","O2 Ritz"
"209","2015","Oct","26",209,"Scotland","Glasgow","O2 ABC"
"210","2015","Oct","25",210,"Ireland","Dublin","Vicar Street"
"211","2015","Oct","24",211,"Northern Ireland","Belfast","Mandela Hall"
"212","2015","Oct","16",212,"USA","New York","Late Show With Stephen Colbert"
"213","2015","Oct","10",213,"USA","Baltimore","Ottobar"
"214","2015","Oct","8",214,"USA","Saxapahaw","Haw River Ballroom"
"215","2015","Oct","7",215,"USA","Asheville","The Orange Peel"
"216","2015","Oct","6",216,"USA","Atlanta","Buckhead Theatre"
"217","2015","Oct","4",217,"USA","Nashville","Ryman Auditorium"
"218","2015","Oct","3",218,"USA","Birmingham","Saturn"
"219","2015","Oct","2",219,"USA","New Orleans","Civic Theatre"
"220","2015","Oct","1",220,"USA","Houston","House of Blues"
"221","2015","Sep","29",221,"USA","Tulsa","Cain's Ballroom"
"222","2015","Sep","28",222,"USA","Memphis","Minglewood Hall"
"223","2015","Sep","27",223,"USA","St. Louis","The Pageant"
"224","2015","Sep","26",224,"USA","Lawrence","Liberty Hall"
"225","2015","Sep","25",225,"USA","Omaha","Slowdown"
"226","2015","Sep","23",226,"USA","Minneapolis","First Avenue"
"227","2015","Sep","22",227,"USA","Minneapolis","First Avenue"
"228","2015","Sep","21",228,"USA","Milwaukee","Pabst Theater"
"229","2015","Sep","19",229,"USA","Royal Oak","Royal Oak Music Theatre"
"230","2015","Sep","18",230,"USA","Cincinnati","Bogart's"
"231","2015","Sep","17",231,"USA","Columbus","Newport Music Hall"
"232","2015","Aug","29",232,"USA","Baltimore","Pier Six Concert Pavilion"
"233","2015","Aug","27",233,"USA","Brooklyn","Baby's All Right"
"234","2015","Aug","26",234,"USA","New Haven","College Street Music Hall"
"235","2015","Aug","25",235,"USA","Providence","Lupo's Heartbreak Hotel"
"236","2015","Aug","24",236,"USA","Clifton Park","Upstate Concert Hall"
"237","2015","Aug","22",237,"USA","Millvale","Mr. Smalls Theatre"
"238","2015","Aug","21",238,"USA","Buffalo","Town Ballroom"
"239","2015","Aug","20",239,"USA","South Burlington","Higher Ground Music Hall"
"240","2015","Aug","19",240,"USA","Northampton","Pearl Street"
"241","2015","Aug","18",241,"USA","Portland","State Theatre"
"242","2014","Oct","11",242,"Canada","Halifax","The Marquee Ballroom"
"243","2014","Oct","10",243,"Canada","Fredericton","The Playhouse"
"244","2014","Oct","9",244,"Canada","Quebec City","Le Cercle"
"245","2014","Oct","7",245,"Canada","Montreal","Théâtre Plaza"
"246","2014","Oct","6",246,"Canada","Montreal","Théâtre Plaza"
"247","2014","Oct","5",247,"Canada","Ottawa","Bronson Centre"
"248","2014","Oct","4",248,"Canada","Toronto","Lee's Palace"
"249","2014","Oct","3",249,"Canada","Toronto","Lee's Palace"
"250","2014","Oct","1",250,"Canada","Thunder Bay","Crocks"
"251","2014","Sep","30",251,"Canada","Winnipeg","Pyramid Cabaret"
"252","2014","Sep","28",252,"Canada","Saskatoon","Louis' Pub"
"253","2014","Sep","27",253,"Canada","Calgary","The Republik"
"254","2014","Sep","26",254,"Canada","Edmonton","The Starlite Room"
"255","2014","Sep","24",255,"Canada","Nelson","The Spirit Bar"
"256","2014","Sep","22",256,"Canada","Vancouver","Venue"
"257","2014","Sep","21",257,"Canada","Victoria","Sugar Nightclub"
"258","2014","Sep","18",258,"USA","Anchorage","Bear Tooth Theatre Pub"
"259","2014","Aug","29",259,"England","Salisbury","Larmer Tree Gardens"
"260","2014","Jan","25",260,"USA","Brooklyn","Music Hall of Williamsburg"
"261","2014","Jan","24",261,"USA","Washington","9:30 Club"
"262","2014","Jan","23",262,"USA","Baltimore","Floristree"
"263","2014","Jan","22",263,"USA","Philadelphia","Union Transfer"
"264","2013","Sep","6",264,"Mexico","Mexico City","El Plaza Condesa"
"265","2013","Sep","3",265,"Argentina","Buenos Aires","Teatro Vorterix"
"266","2013","Sep","1",266,"Chile","Santiago","Teatro La Cúpula"
"267","2013","Aug","30",267,"Brazil","Rio de Janeiro","Circo Voador"
"268","2013","Aug","28",268,"Brazil","São Paulo","Cine Jóia"
"269","2013","Aug","25",269,"USA","Los Angeles","Los Angeles State Historic Park"
"270","2013","Aug","24",270,"USA","Monterey","Monterey County Fairgrounds"
"271","2013","Aug","10",271,"Finland","Helsinki","Suvilahti"
"272","2013","Aug","9",272,"Norway","Oslo","Middelalderparken"
"273","2013","Aug","8",273,"Sweden","Gothenburg","Slottsskogen"
"274","2013","Aug","4",274,"USA","Chicago","Grant Park"
"275","2013","Aug","2",275,"Canada","Montreal","Parc Jean-Drapeau"
"276","2013","Jul","31",276,"USA","Portland","State Theatre"
"277","2013","Jul","24",277,"Switzerland","Nyon","L'Asse"
"278","2013","Jul","21",278,"England","Southwold","Henham Park"
"279","2013","Jul","20",279,"Ireland","Dublin","Iveagh Gardens"
"280","2013","Jul","18",280,"Spain","Benicassim","Recinto de Festivales"
"281","2013","Jul","16",281,"Netherlands","Utrecht","Tivoli"
"282","2013","Jul","14",282,"Belgium","Bruges","Minnewaterpark"
"283","2013","Jul","12",283,"Belgium","Bruges","Minnewaterpark"
"284","2013","Jun","15",284,"USA","Manchester","Great Stage Park"
"285","2013","Jun","13",285,"USA","Charlotte","Neighborhood Theatre"
"286","2013","Jun","7",286,"USA","Randalls Island","Randall's Island Park"
"287","2013","Jun","6",287,"USA","Washington","9:30 Club"
"288","2013","Apr","26",288,"USA","Baltimore","Modell Performing Arts Center at the Lyric"
"289","2013","Apr","24",289,"USA","Cincinnati","Bogart's"
"290","2013","Apr","23",290,"USA","Oxford","The Lyric Theatre"
"291","2013","Apr","21",291,"USA","Marfa","Crowley Theater"
"292","2013","Apr","19",292,"USA","Indio","Empire Polo Club"
"293","2013","Apr","17",293,"USA","Big Sur","Henry Miller Memorial Library"
"294","2013","Apr","16",294,"USA","San Francisco","The Fillmore"
"295","2013","Apr","12",295,"USA","Indio","Empire Polo Club"
"296","2013","Apr","10",296,"USA","Pomona","The Glass House"
"297","2013","Apr","9",297,"USA","Phoenix","Crescent Ballroom"
"298","2013","Apr","8",298,"USA","El Paso","Tricky Falls"
"299","2013","Mar","26",299,"England","London","O2 Shepherd's Bush Empire"
"300","2013","Mar","25",300,"England","London","O2 Shepherd's Bush Empire"
"301","2013","Mar","22",301,"France","Paris","La Cigale"
"302","2013","Mar","21",302,"Luxembourg","Esch-sur-Alzette","Rockhal Main Hall"
"303","2013","Mar","19",303,"Spain","Avilés","Centro Niemeyer"
"304","2013","Mar","17",304,"Portugal","Oporto","Hard Club"
"305","2013","Mar","16",305,"Portugal","Lisbon","TMN Ao Vivo"
"306","2013","Mar","15",306,"Spain","Madrid","La Riviera"
"307","2013","Mar","14",307,"Spain","Barcelona","Sala Apolo"
"308","2013","Mar","13",308,"Spain","Barcelona","Sala Apolo"
"309","2013","Mar","11",309,"Italy","Milan","Magazzini Generali"
"310","2013","Mar","10",310,"Italy","Rome","Piper Club"
"311","2013","Mar","9",311,"Italy","Bologna","Estragon"
"312","2013","Jan","20",312,"Japan","Tokyo","LIQUIDROOM"
"313","2013","Jan","18",313,"Japan","Osaka","Umeda Club Quattro"
"314","2013","Jan","12",314,"Australia","Bangalow","Bangalow A&I Hall"
"315","2013","Jan","11",315,"Australia","Brisbane","The Tivoli"
"316","2013","Jan","9",316,"Australia","Melbourne","Forum Theatre"
"317","2013","Jan","5",317,"Australia","Busselton","Sir Stewart Bovell Park"
"318","2013","Jan","3",318,"Australia","Sydney","Enmore Theatre"
"319","2012","Dec","31",319,"Australia","Marion Bay","Marion Bay Falls Festival Site"
"320","2012","Dec","30",320,"Australia","Lorne","Lorne Falls Festival Site"
"321","2012","Nov","20",321,"France","Paris","Le Trianon"
"322","2012","Nov","19",322,"Netherlands","Amsterdam","Paradiso Grote Zaal"
"323","2012","Nov","18",323,"Belgium","Brussels","Ancienne Belgique"
"324","2012","Nov","17",324,"Switzerland","Lausanne","Les Docks"
"325","2012","Nov","16",325,"Germany","Cologne","Gloria Theater"
"326","2012","Nov","14",326,"Germany","Munich","Feierwerk"
"327","2012","Nov","13",327,"Austria","Vienna","Flex"
"328","2012","Nov","12",328,"Czech Republic","Prague","Meet Factory"
"329","2012","Nov","11",329,"Poland","Warsaw","Fabryka Trzciny"
"330","2012","Nov","10",330,"Germany","Berlin","Astra"
"331","2012","Nov","9",331,"Norway","Oslo","Sentrum Scene"
"332","2012","Nov","8",332,"Norway","Oslo","Sentrum Scene"
"333","2012","Nov","7",333,"Sweden","Stockholm","Berns"
"334","2012","Nov","6",334,"Denmark","Copenhagen","Store Vega"
"335","2012","Nov","5",335,"Germany","Hamburg","Kampnagel"
"336","2012","Nov","3",336,"England","Bristol","Anson Rooms"
"337","2012","Nov","2",337,"England","London","Roundhouse"
"338","2012","Oct","31",338,"England","Manchester","HMV Ritz"
"339","2012","Oct","30",339,"England","Leeds","Stylus"
"340","2012","Oct","29",340,"Scotland","Glasgow","The Arches"
"341","2012","Oct","28",341,"Ireland","Dublin","Vicar Street"
"342","2012","Oct","27",342,"Ireland","Cork","Cork Opera House"
"343","2012","Oct","26",343,"Northern Ireland","Belfast","Mandela Hall"
"344","2012","Oct","17",344,"USA","Washington","9:30 Club"
"345","2012","Oct","16",345,"USA","Philadelphia","Union Transfer"
"346","2012","Oct","15",346,"USA","Boston","The Wilbur Theatre"
"347","2012","Oct","14",347,"Canada","Montreal","Club Soda"
"348","2012","Oct","13",348,"Canada","Toronto","Kool Haus"
"349","2012","Oct","11",349,"USA","Chicago","Riviera Theatre"
"350","2012","Oct","10",350,"USA","Milwaukee","Pabst Theater"
"351","2012","Oct","9",351,"USA","Minneapolis","First Avenue"
"352","2012","Oct","8",352,"USA","Omaha","Slowdown"
"353","2012","Oct","4",353,"USA","Seattle","Showbox at the Market"
"354","2012","Oct","3",354,"USA","Seattle","Showbox at the Market"
"355","2012","Oct","1",355,"Canada","Vancouver","Commodore Ballroom"
"356","2012","Sep","30",356,"USA","Portland","Roseland Theater"
"357","2012","Sep","29",357,"USA","Eugene","McDonald Theatre"
"358","2012","Sep","28",358,"USA","Oakland","Fox Theater"
"359","2012","Sep","26",359,"USA","Los Angeles","Wiltern Theatre"
"360","2012","Sep","25",360,"USA","Los Angeles","Wiltern Theatre"
"361","2012","Sep","24",361,"USA","Tucson","Rialto Theatre"
"362","2012","Sep","21",362,"USA","Dallas","Palladium Ballroom"
"363","2012","Sep","20",363,"USA","Austin","Stubb's Bar-B-Q"
"364","2012","Sep","19",364,"USA","Houston","House of Blues"
"365","2012","Sep","18",365,"USA","New Orleans","Tipitina's"
"366","2012","Sep","16",366,"USA","Atlanta","Variety Playhouse"
"367","2012","Sep","15",367,"USA","Nashville","Marathon Music Works"
"368","2012","Sep","14",368,"USA","Knoxville","Bijou Theatre"
"369","2012","Sep","13",369,"USA","Richmond","The National"
"370","2012","Aug","31",370,"England","Salisbury","Larmer Tree Gardens"
"371","2012","Aug","29",371,"Germany","Frankfurt","Das Bett"
"372","2012","Aug","28",372,"Germany","Duisburg","Grammatikoff"
"373","2012","Aug","27",373,"Netherlands","Groningen","Vera"
"374","2012","Aug","26",374,"France","Saint-Cloud","Domaine national de Saint-Cloud"
"375","2012","Aug","24",375,"Poland","Katowice","Dolina Trzech Stawów"
"376","2012","Jul","23",376,"USA","New York","Rumsey Playfield"
"377","2012","Jul","21",377,"USA","Millvale","Mr. Smalls Theatre"
"378","2012","Jul","20",378,"USA","Columbus","Newport Music Hall"
"379","2012","Jul","19",379,"USA","Cleveland","House of Blues"
"380","2012","Jul","18",380,"USA","Pontiac","The Crofoot"
"381","2012","Jul","17",381,"USA","Indianapolis","The Vogue"
"382","2012","Jul","15",382,"USA","Chicago","Union Park"
"383","2012","Jul","13",383,"USA","Louisville","Waterfront Park"
"384","2012","Jul","12",384,"USA","Memphis","Minglewood Hall"
"385","2012","Jul","11",385,"USA","St. Louis","The Pageant"
"386","2012","Jul","9",386,"USA","Tulsa","Cain's Ballroom"
"387","2012","Jul","7",387,"USA","Albuquerque","Sunshine Theater"
"388","2012","Jul","6",388,"USA","Aspen","Belly Up"
"389","2012","Jul","5",389,"USA","Salt Lake City","Farmer's Market @ Pioneer Park"
"390","2012","Jul","3",390,"USA","Los Angeles","El Rey Theatre"
"391","2012","Jul","1",391,"USA","San Diego","House of Blues"
"392","2012","Jun","8",392,"Portugal","Oporto","Parque da Cidade"
"393","2012","Jun","7",393,"France","Biarritz","Atabal"
"394","2012","Jun","6",394,"France","Feyzin","L’Épicerie Moderne"
"395","2012","Jun","5",395,"France","Nantes","Stereolux"
"396","2012","Jun","4",396,"France","Bordeaux","Rock School Barbey"
"397","2012","Jun","3",397,"France","Montpellier","Le Rockstore"
"398","2012","Jun","2",398,"Spain","Barcelona","Parc del Fòrum"
"399","2012","May","29",399,"France","Paris","La Maroquinerie"
"400","2012","May","27",400,"Germany","Berlin","Volksbühne"
"401","2012","May","26",401,"Netherlands","Amsterdam","Melkweg Oude Zaal"
"402","2012","May","24",402,"England","London","Village Underground"
"403","2012","May","23",403,"England","Brighton","The Haunt"
"404","2012","May","19",404,"Belgium","Kortrijk","De Kreun"
"405","2012","May","15",405,"USA","New York","Bowery Ballroom"
"406","2012","May","13",406,"USA","Asheville","The Orange Peel"
"407","2012","May","12",407,"USA","Athens","Georgia Theatre"
"408","2012","May","11",408,"USA","Birmingham","Bottletree Café"
"409","2012","May","10",409,"USA","Jacksonville Beach","Freebird Live"
"410","2012","May","9",410,"USA","Orlando","The Beacham"
"411","2012","May","8",411,"USA","Miami Beach","The Fillmore Miami Beach at Jackie Gleason Theater"
"412","2012","May","5",412,"USA","Carrboro","Cat's Cradle"
"413","2012","May","4",413,"USA","Charlottesville","The Jefferson Theater"
"414","2011","Oct","16",414,"USA","San Francisco","Treasure Island"
"415","2011","Oct","13",415,"Iceland","Reykjavik","Art Museum"
"416","2011","Jul","31",416,"Japan","Yuzawa","Naeba Ski Resort"
"417","2011","Jul","28",417,"Spain","Barcelona","Poble Espanyol"
"418","2011","Jul","24",418,"England","London","Alexandra Palace"
"419","2011","Jul","23",419,"Ireland","Dublin","Marlay Park"
"420","2011","Jul","16",420,"Latvia","Salacgriva","Zvejnieku parks"
"421","2011","Jul","14",421,"Sweden","Hultsfred","Hultsfreds Hembygdspark"
"422","2011","May","29",422,"USA","George","The Gorge Amphitheatre"
"423","2011","May","12",423,"England","Manchester","Manchester Academy 1, University of Manchester"
"424","2011","Feb","26",424,"USA","Washington","9:30 Club"
"425","2011","Feb","25",425,"USA","New York","Webster Hall"
"426","2011","Feb","24",426,"USA","Philadelphia","Trocadero Theatre"
"427","2011","Feb","23",427,"USA","New York","Webster Hall"
"428","2011","Feb","18",428,"USA","San Francisco","The Fillmore"
"429","2011","Feb","17",429,"USA","Los Angeles","Music Box at the Fonda"
"430","2011","Feb","16",430,"USA","Los Angeles","Music Box at the Fonda"
"431","2011","Feb","12",431,"Australia","Perth","Perth Cultural Centre"
"432","2011","Feb","11",432,"Australia","Adelaide","Fowlers Live"
"433","2011","Feb","6",433,"Australia","Sydney","Sydney College of the Arts"
"434","2011","Feb","5",434,"Australia","Melbourne","Footscray Community Arts Centre"
"435","2011","Feb","4",435,"Australia","Brisbane","Alexandria Street, Fortitude Valley"
"436","2011","Feb","1",436,"New Zealand","Wellington","Wellington Town Hall"
"437","2011","Jan","31",437,"New Zealand","Auckland","Aotea Square"
"438","2011","Jan","29",438,"Singapore","Singapore","Fort Canning Park"
"439","2011","Jan","27",439,"Australia","Sydney","City Recital Hall Angel Place"
"440","2011","Jan","26",440,"Australia","Sydney","Beck's Festival Bar"
"441","2011","Jan","25",441,"Australia","Melbourne","The Hi-Fi"
"442","2011","Jan","24",442,"Australia","Melbourne","Curtin House"
"443","2011","Jan","22",443,"Australia","Mullumbimby","Mullumbimby Civic Memorial Hall"
"444","2010","Dec","20",444,"USA","Burbank","Conan"
"445","2010","Nov","27",445,"Belgium","Brussels","Ancienne Belgique"
"446","2010","Nov","26",446,"Netherlands","Utrecht","Tivoli"
"447","2010","Nov","25",447,"England","Brighton","Concorde 2"
"448","2010","Nov","24",448,"England","Bristol","Trinity Centre"
"449","2010","Nov","23",449,"England","London","O2 Shepherd's Bush Empire"
"450","2010","Nov","22",450,"Ireland","Dublin","Vicar Street"
"451","2010","Nov","20",451,"Scotland","Glasgow","Òran Mór"
"452","2010","Nov","19",452,"England","Manchester","Manchester Cathedral"
"453","2010","Nov","16",453,"Switzerland","Zurich","Kaufleuten"
"454","2010","Nov","15",454,"Switzerland","Geneva","L’Usine"
"455","2010","Nov","14",455,"Germany","Cologne","Gebäude 9"
"456","2010","Nov","13",456,"Germany","Hamburg","Uebel & Gefährlich"
"457","2010","Nov","12",457,"Denmark","Copenhagen","Store Vega"
"458","2010","Nov","11",458,"Norway","Oslo","Rockefeller Music Hall"
"459","2010","Nov","10",459,"Sweden","Stockholm","Debaser Medis"
"460","2010","Nov","9",460,"Sweden","Lund","Mejeriet"
"461","2010","Nov","6",461,"France","Clermont-Ferrand","La Coopérative de Mai"
"462","2010","Nov","5",462,"France","Rennes","Antipode MJC"
"463","2010","Oct","17",463,"USA","Raleigh","Raleigh Amphitheater"
"464","2010","Oct","16",464,"USA","Athens","40 Watt Club"
"465","2010","Oct","14",465,"USA","St. Augustine","St. Augustine Amphitheatre"
"466","2010","Oct","13",466,"USA","Miami Beach","The Fillmore Miami Beach at Jackie Gleason Theater"
"467","2010","Oct","12",467,"USA","St. Petersburg","Jannus Live"
"468","2010","Oct","11",468,"USA","Orlando","Hard Rock Live"
"469","2010","Oct","9",469,"USA","New Orleans","Mahalia Jackson Theater"
"470","2010","Oct","8",470,"USA","Austin","Zilker Park"
"471","2010","Oct","7",471,"USA","Houston","Verizon Wireless Theater"
"472","2010","Oct","6",472,"USA","Dallas","Palladium Ballroom"
"473","2010","Oct","3",473,"USA","St. Louis","Chaifetz Arena"
"474","2010","Oct","2",474,"USA","Kansas City","Starlight Theater"
"475","2010","Sep","29",475,"USA","Las Vegas","Pearl Concert Theater at Palms Casino Resort"
"476","2010","Sep","26",476,"USA","Los Angeles","Hollywood Bowl"
"477","2010","Sep","25",477,"USA","Berkeley","William Randolph Hearst Greek Theatre"
"478","2010","Sep","17",478,"USA","New York","Radio City Music Hall"
"479","2010","Sep","15",479,"USA","New York","Radio City Music Hall"
"480","2010","Sep","13",480,"USA","Holyoke","Mountain Park"
"481","2010","Sep","12",481,"USA","Boston","Bank of America Pavilion"
"482","2010","Sep","11",482,"USA","Columbia","Merriweather Post Pavilion"
"483","2010","Sep","10",483,"USA","Rochester","Main Street Armory"
"484","2010","Sep","8",484,"Canada","Montreal","Metropolis"
"485","2010","Sep","7",485,"Canada","Toronto","Molson Amphitheatre"
"486","2010","Sep","6",486,"USA","Bloomington","Indiana University Auditorium"
"487","2010","Sep","3",487,"USA","Morrison","Red Rocks Amphitheatre"
"488","2010","Sep","2",488,"USA","Salt Lake City","In The Venue"
"489","2010","Aug","29",489,"USA","Redmond","Marymoor Park"
"490","2010","Aug","28",490,"Canada","Vancouver","Malkin Bowl"
"491","2010","Aug","27",491,"Canada","Vancouver","Malkin Bowl"
"492","2010","Aug","20",492,"Belgium","Hasselt","Domein Kiewit"
"493","2010","Aug","19",493,"Germany","Erlangen","E-Werk"
"494","2010","Aug","18",494,"Germany","Schorndorf","Manufaktur"
"495","2010","Aug","17",495,"Austria","Graz","Kasematten"
"496","2010","Aug","16",496,"Germany","Frankfurt","Das Bett"
"497","2010","Aug","14",497,"Finland","Helsinki","Suvilahti"
"498","2010","Aug","13",498,"Sweden","Gothenburg","Slottsskogen"
"499","2010","Aug","12",499,"Germany","Haldern","Alter Reitplatz"
"500","2010","Jul","31",500,"Canada","Montreal","Parc Jean-Drapeau"
"501","2010","Jul","27",501,"USA","Brooklyn","Prospect Park"
"502","2010","Jul","22",502,"USA","Baltimore","Sonar"
"503","2010","Jul","18",503,"USA","Chicago","Union Park"
"504","2010","Jul","16",504,"Portugal","Sesimbra","Meco"
"505","2010","Jul","14",505,"Italy","Rome","Circolo degli Artisti"
"506","2010","Jul","13",506,"Italy","Segrate","Circolo Magnolia"
"507","2010","Jul","4",507,"Netherlands","Bloemendaal","Openluchttheater Caprera"
"508","2010","Jul","3",508,"Denmark","Roskilde","Darupvej"
"509","2010","Jul","2",509,"Switzerland","Montreux","Miles Davis Hall"
"510","2010","Jul","1",510,"Germany","Berlin","Lido"
"511","2010","Jun","29",511,"Norway","Arendal","Tromøya"
"512","2010","Jun","27",512,"England","London","Hyde Park"
"513","2010","Jun","26",513,"England","Pilton","Worthy Farm"
"514","2010","Jun","20",514,"USA","Buffalo","Town Ballroom"
"515","2010","Jun","17",515,"USA","Cleveland","Beachland Ballroom and Tavern"
"516","2010","Jun","16",516,"USA","Pittsburgh","Diesel Club Lounge"
"517","2010","Jun","3",517,"France","Paris","Le Trabendo"
"518","2010","Jun","1",518,"England","London","Heaven"
"519","2010","May","28",519,"Spain","Barcelona","Parc del Fòrum"
"520","2010","May","26",520,"Netherlands","Amsterdam","Paradiso Grote Zaal"
"521","2010","May","13",521,"Mexico","Mexico City","Lunario del Auditorio Nacional"
"522","2010","May","8",522,"USA","Baltimore","2640 Space"
"523","2010","May","7",523,"USA","Philadelphia","First Unitarian Church"
"524","2010","May","6",524,"USA","New York","Webster Hall"
"525","2010","May","1",525,"USA","Carrboro","Cat's Cradle"
"526","2010","Apr","30",526,"USA","Asheville","The Grey Eagle"
"527","2010","Apr","29",527,"USA","Atlanta","The Earl"
"528","2010","Apr","28",528,"USA","Nashville","Mercy Lounge"
"529","2010","Apr","24",529,"USA","Baton Rouge","Spanish Moon"
"530","2010","Apr","23",530,"USA","Houston","Walter's On Washington"
"531","2010","Apr","21",531,"USA","Dallas","Granada Theater"
"532","2010","Apr","19",532,"USA","Tempe","The Clubhouse"
"533","2010","Apr","17",533,"USA","Indio","Empire Polo Club"
"534","2010","Apr","16",534,"USA","Santa Barbara","SoHo Restaurant and Music Club"
"535","2010","Apr","15",535,"USA","San Luis Obispo","Downtown Brewing Co."
"536","2010","Apr","14",536,"USA","San Francisco","Bimbo's 365 Club"
"537","2010","Apr","12",537,"USA","Seattle","Neumos"
"538","2010","Apr","10",538,"USA","Portland","Doug Fir Lounge"
"539","2010","Apr","9",539,"USA","Boise","Neurolux"
"540","2010","Apr","7",540,"USA","Denver","Bluebird Theater"
"541","2010","Apr","6",541,"USA","Lawrence","Granada Theater"
"542","2010","Apr","5",542,"USA","Omaha","The Waiting Room Lounge"
"543","2010","Apr","4",543,"USA","Minneapolis","The Cedar Cultural Center"
"544","2010","Apr","3",544,"USA","Milwaukee","Pabst Theater"
"545","2010","Apr","2",545,"USA","Chicago","Metro"
"546","2010","Mar","30",546,"Canada","Toronto","The Opera House"
"547","2010","Mar","29",547,"Canada","Montreal","La Sala Rossa"
"548","2010","Mar","28",548,"USA","Boston","Paradise Rock Club"
"549","2010","Mar","27",549,"USA","Middletown","Wesleyan University"
"550","2010","Mar","26",550,"USA","Washington","Black Cat"
"551","2010","Mar","18",551,"Portugal","Guimarães","Centro Cultural Vila Flor"
"552","2010","Mar","17",552,"Portugal","Lisbon","Lux"
"553","2010","Mar","14",553,"England","London","Roundhouse"
"554","2010","Mar","13",554,"England","London","Roundhouse"
"555","2010","Mar","12",555,"England","Coventry","Warwick Arts Centre"
"556","2010","Mar","11",556,"England","Brighton","Corn Exchange"
"557","2010","Mar","6",557,"Switzerland","Zurich","abart"
"558","2010","Mar","5",558,"Germany","Munich","Feierwerk"
"559","2010","Mar","3",559,"Germany","Hamburg","Molotow"
"560","2010","Mar","2",560,"Sweden","Gothenburg","Pustervik"
"561","2010","Feb","28",561,"Norway","Oslo","Parkteatret"
"562","2010","Feb","27",562,"Sweden","Stockholm","Debaser Slussen"
"563","2010","Feb","26",563,"Denmark","Copenhagen","Loppen"
"564","2010","Feb","25",564,"Germany","Berlin","Roter Salon"
"565","2010","Feb","24",565,"Netherlands","Groningen","Vera"
"566","2010","Feb","23",566,"Netherlands","Amsterdam","Paradiso Kleine Zaal"
"567","2010","Feb","22",567,"Belgium","Sint-Joost-ten-Noode / Saint-Josse-ten-Noode","La Rotonde"
"568","2010","Feb","21",568,"Belgium","Ghent","Vooruit Balzaal"
"569","2010","Feb","20",569,"France","Paris","La Maroquinerie"
"570","2010","Feb","19",570,"France","Saint-Malo","L'Omnibus"
"571","2010","Feb","17",571,"England","London","Bush Hall"
"572","2010","Feb","16",572,"Wales","Cardiff","Cardiff Arts Institute"
"573","2010","Feb","14",573,"Northern Ireland","Belfast","The Speakeasy"
"574","2010","Feb","13",574,"Ireland","Dublin","Whelan's"
"575","2010","Feb","12",575,"England","Leeds","Brudenell Social Club"
"576","2010","Feb","11",576,"England","Salford","Islington Mill"
"577","2010","Feb","10",577,"Scotland","Glasgow","King Tut's Wah Wah Hut"
"578","2010","Jan","26",578,"USA","Brooklyn","The Bell House"
"579","2010","Jan","24",579,"USA","Park City",""
"580","2009","Dec","12",580,"Spain","Madrid","Neu! Club"
"581","2009","Dec","10",581,"Spain","Barcelona","Sidecar"
"582","2009","Dec","9",582,"England","London","Fleapit"
"583","2009","Oct","20",583,"USA","Los Angeles","Hollywood Palladium"
"584","2009","Oct","19",584,"USA","San Francisco","Bottom of the Hill"
"585","2009","Oct","9",585,"USA","Poughkeepsie","Vassar College Chapel"
"586","2009","Oct","8",586,"USA","Boston","Orpheum Theatre"
"587","2009","Oct","1",587,"USA","Columbia","The Blue Note"
"588","2009","Sep","26",588,"USA","Ann Arbor","Michigan Theater"
"589","2009","Sep","24",589,"Canada","Victoria","Sugar Nightclub"
"590","2009","Aug","30",590,"USA","Brooklyn","Williamsburg Waterfront"
"591","2009","Aug","22",591,"Wales","Crickhowell","Glanusk Park"
"592","2009","Aug","21",592,"England","London","Union Chapel"
"593","2009","Aug","19",593,"France","Paris","Nouveau Casino"
"594","2009","Aug","18",594,"Netherlands","Amsterdam","Paradiso Kleine Zaal"
"595","2009","Aug","14",595,"Norway","Oslo","Middelalderparken"
"596","2009","Aug","7",596,"USA","Baltimore","Metro Gallery"
"597","2009","Apr","16",597,"USA","New York","Webster Hall"
"598","2009","Mar","11",598,"USA","Baltimore","Sonar"
"599","2009","Jan","21",599,"USA","San Francisco","The Fillmore"
"600","2008","Dec","18",600,"USA","Baltimore","Sonar"
"601","2008","Dec","13",601,"USA","Haverford","Lunt Basement"
"602","2008","Dec","12",602,"USA","Boston","Museum of Fine Arts"
"603","2008","Dec","11",603,"USA","Northampton","Iron Horse Music Hall"
"604","2008","Dec","10",604,"USA","Providence","Club Hell"
"605","2008","Dec","9",605,"USA","Brooklyn","Music Hall of Williamsburg"
"606","2008","Dec","2",606,"England","London","Cargo"
"607","2008","Dec","1",607,"Denmark","Copenhagen","Lille Vega"
"608","2008","Nov","30",608,"Finland","Helsinki","Tavastia"
"609","2008","Nov","29",609,"Sweden","Malmö","Kulturbolaget"
"610","2008","Nov","27",610,"Ireland","Dublin","Whelan's"
"611","2008","Nov","26",611,"Italy","Milan","La Casa 139"
"612","2008","Nov","25",612,"Italy","Rome","Circolo degli Artisti"
"613","2008","Nov","22",613,"Italy","Bologna","Covo Club"
"614","2008","Nov","21",614,"Switzerland","Lausanne","Le Romandie"
"615","2008","Nov","16",615,"Portugal","Lisbon","Maxime"
"616","2008","Nov","14",616,"Spain","Madrid","Moby Dick"
"617","2008","Nov","12",617,"Spain","Barcelona","La [2] de Apolo"
"618","2008","Oct","22",618,"USA","New York","Le Poisson Rouge"
"619","2008","Oct","17",619,"USA","New York","Le Poisson Rouge"
"620","2008","Oct","15",620,"USA","Philadelphia","Club Polaris AKA Starlight Ballroom"
"621","2008","Oct","10",621,"USA","Chicago","Epiphany"
"622","2008","Oct","8",622,"USA","Detroit","Museum of Contemporary Art Detroit (MOCAD)"
"623","2008","Oct","4",623,"Canada","Montreal","Eastern Bloc"
"624","2008","Sep","30",624,"USA","Los Angeles","Spaceland"
"625","2008","Sep","28",625,"USA","San Francisco","Café du Nord"
"626","2008","Sep","27",626,"USA","Big Sur","Fernwood Campground and Resort"
"627","2008","Aug","30",627,"New Zealand","Auckland","Kings Arms"
"628","2008","Aug","29",628,"New Zealand","Wellington","Bodega"
"629","2008","Aug","27",629,"Australia","Melbourne","The Toff in Town"
"630","2008","Aug","24",630,"Australia","Fremantle","Mojo's Bar"
"631","2008","Aug","23",631,"Australia","Brisbane","The Troubadour"
"632","2008","Aug","22",632,"Australia","Melbourne","Roxanne Parlour"
"633","2008","Aug","21",633,"Australia","Sydney","The Hopetoun Hotel"
"634","2008","Aug","20",634,"Australia","Sydney","The Hopetoun Hotel"
"635","2008","Aug","13",635,"USA","Asheville","The Grey Eagle"
"636","2008","Aug","12",636,"USA","Greensboro","Square One"
"637","2008","Aug","10",637,"USA","Baltimore","Creative Alliance"
"638","2008","Aug","9",638,"USA","Philadelphia","Johnny Brenda's"
"639","2008","Jul","19",639,"USA","Brooklyn","Coney Island"
"640","2008","Jul","18",640,"USA","Baltimore","2640 Space"
"641","2008","Jun","15",641,"England","Leeds","Brudenell Social Club"
"642","2008","Jun","8",642,"England","London","Hammersmith Apollo"
"643","2008","Jun","6",643,"Netherlands","Utrecht","Ekko"
"644","2008","Jun","2",644,"France","Paris","La Flèche d'Or"
"645","2008","May","27",645,"Norway","Oslo","John Dee"
"646","2008","May","15",646,"England","Brighton","The Parlure Spiegeltent"
"647","2008","Apr","18",647,"USA","Pittsburgh","Garfield Artworks"
"648","2008","Apr","4",648,"USA","Washington","Rock and Roll Hotel"
"649","2008","Mar","31",649,"USA","Cambridge","The Middle East Downstairs"
"650","2008","Mar","28",650,"Canada","Toronto","El Mocambo"
"651","2008","Mar","27",651,"USA","Cleveland Heights","Grog Shop"
"652","2008","Mar","22",652,"USA","Denver","Hi-Dive"
"653","2008","Mar","21",653,"USA","Salt Lake City","Kilby Court"
"654","2008","Mar","15",654,"USA","San Francisco","Bottom of the Hill"
"655","2008","Mar","8",655,"USA","Denton","Hailey's Club"
"656","2008","Mar","8",656,"USA","Dallas","Good Records"
"657","2008","Feb","29",657,"USA","Chapel Hill","Local 506"
"658","2007","Nov","16",658,"England","London","Monto Water Rats"
"659","2007","Nov","9",659,"Belgium","Sint-Joost-ten-Noode / Saint-Josse-ten-Noode","L’Orangerie du Botanique"
"660","2007","Oct","10",660,"USA","Chicago","Park West"
"661","2007","Aug","25",661,"USA","New York","Mercury Lounge"
"662","2007","Aug","7",662,"USA","Philadelphia","The Fillmore at the TLA"
"663","2007","Jul","20",663,"USA","Baltimore","Floristree"
"664","2007","Jul","14",664,"USA","Chicago","Union Park"
"665","2007","Jun","8",665,"USA","New York","Bowery Ballroom"
"666","2007","May","26",666,"USA","San Francisco","Great American Music Hall"
"667","2007","May","22",667,"USA","San Diego","The Casbah"
"668","2007","Mar","10",668,"USA","Columbia","Art Bar"
"669","2007","Mar","4",669,"USA","Washington","Black Cat"
"670","2006","Nov","7",670,"USA","St. Paul","Big V's Saloon"
